name,culture,source
aaron,western,us-census-2010
abbott,western,us-census-2010
abdallah,arab,curated-arab
abdul,arab,curated-arab
abel,western,us-census-2010
abell,western,us-census-2010
abernathy,western,us-census-2010
abney,western,us-census-2010
abraham,western,us-census-2010
abrams,western,us-census-2010
abreu,western,us-census-2010
acevedo,western,us-census-2010
aceves,western,us-census-2010
acker,western,us-census-2010
ackerman,western,us-census-2010
ackley,western,us-census-2010
acosta,western,us-census-2010
acuna,western,us-census-2010
adair,western,us-census-2010
adam,western,us-census-2010
adame,western,us-census-2010
adams,western,us-census-2010
adamson,western,us-census-2010
adcock,western,us-census-2010
addison,western,us-census-2010
adkins,western,us-census-2010
adler,western,us-census-2010
agarwal,south_asian,curated-south-asian
agee,western,us-census-2010
aggarwal,south_asian,curated-south-asian
agha,arab,curated-arab
agnew,western,us-census-2010
aguayo,western,us-census-2010
aguiar,western,us-census-2010
aguilar,western,us-census-2010
aguilera,western,us-census-2010
aguirre,western,us-census-2010
ahern,western,us-census-2010
ahmad,western,us-census-2010
ahmed,western,us-census-2010
ahn,western,us-census-2010
ahrens,western,us-census-2010
ahuja,south_asian,curated-south-asian
aiello,western,us-census-2010
aiken,western,us-census-2010
ainsworth,western,us-census-2010
akers,western,us-census-2010
akin,western,us-census-2010
akins,western,us-census-2010
alanis,western,us-census-2010
alaniz,western,us-census-2010
alarcon,western,us-census-2010
alba,western,us-census-2010
albers,western,us-census-2010
albert,western,us-census-2010
albertson,western,us-census-2010
albrecht,western,us-census-2010
albright,western,us-census-2010
alcala,western,us-census-2010
alcantar,western,us-census-2010
alcantara,western,us-census-2010
alcaraz,western,us-census-2010
alcorn,western,us-census-2010
aldana,western,us-census-2010
alderman,western,us-census-2010
aldrich,western,us-census-2010
aldridge,western,us-census-2010
aleman,western,us-census-2010
alexander,western,us-census-2010
alfaro,western,us-census-2010
alfonso,western,us-census-2010
alford,western,us-census-2010
ali,western,us-census-2010
alicea,western,us-census-2010
allan,western,us-census-2010
allard,western,us-census-2010
allen,western,us-census-2010
alley,western,us-census-2010
allison,western,us-census-2010
allman,western,us-census-2010
allred,western,us-census-2010
almanza,western,us-census-2010
almeida,western,us-census-2010
almond,western,us-census-2010
almonte,western,us-census-2010
alonso,western,us-census-2010
alonzo,western,us-census-2010
alston,western,us-census-2010
altamirano,western,us-census-2010
altman,western,us-census-2010
alvarado,western,us-census-2010
alvarez,western,us-census-2010
alves,western,us-census-2010
amador,western,us-census-2010
amaral,western,us-census-2010
amaro,western,us-census-2010
amato,western,us-census-2010
amaya,western,us-census-2010
ambriz,western,us-census-2010
ambrose,western,us-census-2010
ames,western,us-census-2010
amin,western,us-census-2010
ammons,western,us-census-2010
amos,western,us-census-2010
amundson,western,us-census-2010
anaya,western,us-census-2010
anders,western,us-census-2010
andersen,western,us-census-2010
anderson,western,us-census-2010
andrade,western,us-census-2010
andre,western,us-census-2010
andres,western,us-census-2010
andrew,western,us-census-2010
andrews,western,us-census-2010
andrus,western,us-census-2010
angel,western,us-census-2010
angeles,western,us-census-2010
angell,western,us-census-2010
angelo,western,us-census-2010
anglin,western,us-census-2010
anguiano,western,us-census-2010
angulo,western,us-census-2010
ansari,arab,curated-arab
anthony,western,us-census-2010
antoine,western,us-census-2010
antonio,western,us-census-2010
aparicio,western,us-census-2010
apodaca,western,us-census-2010
aponte,western,us-census-2010
appel,western,us-census-2010
apple,western,us-census-2010
applegate,western,us-census-2010
aquino,western,us-census-2010
aragon,western,us-census-2010
arana,western,us-census-2010
aranda,western,us-census-2010
araujo,western,us-census-2010
arce,western,us-census-2010
archer,western,us-census-2010
archibald,western,us-census-2010
archie,western,us-census-2010
archuleta,western,us-census-2010
ard,western,us-census-2010
arellano,western,us-census-2010
arenas,western,us-census-2010
arevalo,western,us-census-2010
arguello,western,us-census-2010
argueta,western,us-census-2010
arias,western,us-census-2010
armendariz,western,us-census-2010
armenta,western,us-census-2010
armijo,western,us-census-2010
armour,western,us-census-2010
armstead,western,us-census-2010
armstrong,western,us-census-2010
arndt,western,us-census-2010
arnett,western,us-census-2010
arnold,western,us-census-2010
arredondo,western,us-census-2010
arreola,western,us-census-2010
arriaga,western,us-census-2010
arrington,western,us-census-2010
arroyo,western,us-census-2010
arsenault,western,us-census-2010
arslan,arab,curated-arab
arteaga,western,us-census-2010
arthur,western,us-census-2010
artis,western,us-census-2010
asbury,western,us-census-2010
ash,western,us-census-2010
ashby,western,us-census-2010
ashcraft,western,us-census-2010
ashe,western,us-census-2010
asher,western,us-census-2010
ashford,western,us-census-2010
ashley,western,us-census-2010
ashton,western,us-census-2010
ashworth,western,us-census-2010
askew,western,us-census-2010
atchison,western,us-census-2010
atherton,western,us-census-2010
atkins,western,us-census-2010
atkinson,western,us-census-2010
atwell,western,us-census-2010
atwood,western,us-census-2010
augustine,western,us-census-2010
ault,western,us-census-2010
austin,western,us-census-2010
autry,western,us-census-2010
avalos,western,us-census-2010
avery,western,us-census-2010
avila,western,us-census-2010
aviles,western,us-census-2010
avina,western,us-census-2010
ayala,western,us-census-2010
aydin,arab,curated-arab
ayers,western,us-census-2010
ayres,western,us-census-2010
babb,western,us-census-2010
babcock,western,us-census-2010
baca,western,us-census-2010
bach,western,us-census-2010
bachman,western,us-census-2010
back,western,us-census-2010
backus,western,us-census-2010
bacon,western,us-census-2010
bader,western,us-census-2010
badger,western,us-census-2010
badillo,western,us-census-2010
baer,western,us-census-2010
baez,western,us-census-2010
baeza,western,us-census-2010
baggett,western,us-census-2010
bagley,western,us-census-2010
bagwell,western,us-census-2010
bahr,western,us-census-2010
bailey,western,us-census-2010
bain,western,us-census-2010
bair,western,us-census-2010
baird,western,us-census-2010
baker,western,us-census-2010
balderas,western,us-census-2010
baldwin,western,us-census-2010
bales,western,us-census-2010
ball,western,us-census-2010
ballard,western,us-census-2010
ballesteros,western,us-census-2010
ballew,western,us-census-2010
ballinger,western,us-census-2010
baltazar,western,us-census-2010
banda,western,us-census-2010
bandy,western,us-census-2010
banerjee,south_asian,curated-south-asian
banks,western,us-census-2010
bankston,western,us-census-2010
bannister,western,us-census-2010
bansal,south_asian,curated-south-asian
banuelos,western,us-census-2010
baptiste,western,us-census-2010
barajas,western,us-census-2010
barba,western,us-census-2010
barbee,western,us-census-2010
barber,western,us-census-2010
barbosa,western,us-census-2010
barbour,western,us-census-2010
barclay,western,us-census-2010
bard,western,us-census-2010
bare,western,us-census-2010
barela,western,us-census-2010
barfield,western,us-census-2010
barger,western,us-census-2010
barker,western,us-census-2010
barkley,western,us-census-2010
barksdale,western,us-census-2010
barlow,western,us-census-2010
barnard,western,us-census-2010
barnes,western,us-census-2010
barnett,western,us-census-2010
barnette,western,us-census-2010
barney,western,us-census-2010
barnhart,western,us-census-2010
barnhill,western,us-census-2010
baron,western,us-census-2010
barone,western,us-census-2010
barr,western,us-census-2010
barragan,western,us-census-2010
barraza,western,us-census-2010
barrera,western,us-census-2010
barreto,western,us-census-2010
barrett,western,us-census-2010
barrientos,western,us-census-2010
barringer,western,us-census-2010
barrios,western,us-census-2010
barron,western,us-census-2010
barrow,western,us-census-2010
barrows,western,us-census-2010
barry,western,us-census-2010
bartels,western,us-census-2010
barth,western,us-census-2010
bartholomew,western,us-census-2010
bartlett,western,us-census-2010
bartley,western,us-census-2010
barton,western,us-census-2010
basham,western,us-census-2010
basile,western,us-census-2010
baskin,western,us-census-2010
bass,western,us-census-2010
bassett,western,us-census-2010
bastian,western,us-census-2010
basu,south_asian,curated-south-asian
batchelor,western,us-census-2010
bateman,western,us-census-2010
bates,western,us-census-2010
batista,western,us-census-2010
batson,western,us-census-2010
battaglia,western,us-census-2010
batten,western,us-census-2010
battle,western,us-census-2010
battles,western,us-census-2010
batts,western,us-census-2010
bauer,western,us-census-2010
baugh,western,us-census-2010
baughman,western,us-census-2010
baum,western,us-census-2010
bauman,western,us-census-2010
baumann,western,us-census-2010
baumgartner,western,us-census-2010
bautista,western,us-census-2010
baxley,western,us-census-2010
baxter,western,us-census-2010
bayer,western,us-census-2010
beach,western,us-census-2010
beal,western,us-census-2010
beale,western,us-census-2010
beall,western,us-census-2010
beals,western,us-census-2010
beam,western,us-census-2010
bean,western,us-census-2010
bear,western,us-census-2010
beard,western,us-census-2010
bearden,western,us-census-2010
beardsley,western,us-census-2010
beasley,western,us-census-2010
beattie,western,us-census-2010
beatty,western,us-census-2010
beaty,western,us-census-2010
beauchamp,western,us-census-2010
beaulieu,western,us-census-2010
beaver,western,us-census-2010
beavers,western,us-census-2010
becerra,western,us-census-2010
bechtel,western,us-census-2010
beck,western,us-census-2010
becker,western,us-census-2010
beckett,western,us-census-2010
beckham,western,us-census-2010
beckman,western,us-census-2010
beckwith,western,us-census-2010
bedford,western,us-census-2010
beebe,western,us-census-2010
beeler,western,us-census-2010
beers,western,us-census-2010
beeson,western,us-census-2010
begay,western,us-census-2010
begley,western,us-census-2010
behrens,western,us-census-2010
belanger,western,us-census-2010
belcher,western,us-census-2010
bell,western,us-census-2010
bellamy,western,us-census-2010
bello,western,us-census-2010
belt,western,us-census-2010
belton,western,us-census-2010
beltran,western,us-census-2010
benavides,western,us-census-2010
benavidez,western,us-census-2010
bender,western,us-census-2010
benedict,western,us-census-2010
benitez,western,us-census-2010
benjamin,western,us-census-2010
benner,western,us-census-2010
bennett,western,us-census-2010
benoit,western,us-census-2010
benson,western,us-census-2010
bentley,western,us-census-2010
benton,western,us-census-2010
berg,western,us-census-2010
berger,western,us-census-2010
bergeron,western,us-census-2010
bergman,western,us-census-2010
bergstrom,western,us-census-2010
berkowitz,western,us-census-2010
berlin,western,us-census-2010
berman,western,us-census-2010
bermudez,western,us-census-2010
bernal,western,us-census-2010
bernard,western,us-census-2010
bernhardt,western,us-census-2010
bernier,western,us-census-2010
bernstein,western,us-census-2010
berrios,western,us-census-2010
berry,western,us-census-2010
berryman,western,us-census-2010
bertram,western,us-census-2010
bertrand,western,us-census-2010
bess,western,us-census-2010
best,western,us-census-2010
betancourt,western,us-census-2010
bethea,western,us-census-2010
bethel,western,us-census-2010
bettencourt,western,us-census-2010
betts,western,us-census-2010
betz,western,us-census-2010
beverly,western,us-census-2010
beyer,western,us-census-2010
bhatt,south_asian,curated-south-asian
bhattacharjee,south_asian,curated-south-asian
bhattacharya,south_asian,curated-south-asian
bhosale,south_asian,curated-south-asian
bianchi,western,us-census-2010
bianco,western,us-census-2010
bice,western,us-census-2010
bickel,western,us-census-2010
bickford,western,us-census-2010
biddle,western,us-census-2010
bigelow,western,us-census-2010
biggs,western,us-census-2010
bill,western,us-census-2010
billings,western,us-census-2010
billingsley,western,us-census-2010
bills,western,us-census-2010
binder,western,us-census-2010
bingham,western,us-census-2010
binkley,western,us-census-2010
birch,western,us-census-2010
bird,western,us-census-2010
bischoff,western,us-census-2010
bishop,western,us-census-2010
bittner,western,us-census-2010
bivens,western,us-census-2010
black,western,us-census-2010
blackburn,western,us-census-2010
blackman,western,us-census-2010
blackmon,western,us-census-2010
blackwell,western,us-census-2010
blackwood,western,us-census-2010
blair,western,us-census-2010
blake,western,us-census-2010
blakely,western,us-census-2010
blalock,western,us-census-2010
blanchard,western,us-census-2010
blanco,western,us-census-2010
bland,western,us-census-2010
blank,western,us-census-2010
blankenship,western,us-census-2010
blanton,western,us-census-2010
blaylock,western,us-census-2010
bledsoe,western,us-census-2010
blevins,western,us-census-2010
bliss,western,us-census-2010
block,western,us-census-2010
blocker,western,us-census-2010
blodgett,western,us-census-2010
bloom,western,us-census-2010
blount,western,us-census-2010
blue,western,us-census-2010
blum,western,us-census-2010
blunt,western,us-census-2010
blythe,western,us-census-2010
boatwright,western,us-census-2010
bobbitt,western,us-census-2010
bobo,western,us-census-2010
bock,western,us-census-2010
boehm,western,us-census-2010
boettcher,western,us-census-2010
bogan,western,us-census-2010
boggs,western,us-census-2010
bohannon,western,us-census-2010
bohn,western,us-census-2010
boland,western,us-census-2010
bolanos,western,us-census-2010
bolden,western,us-census-2010
bolen,western,us-census-2010
boles,western,us-census-2010
bolin,western,us-census-2010
boling,western,us-census-2010
bollinger,western,us-census-2010
bolt,western,us-census-2010
bolton,western,us-census-2010
bond,western,us-census-2010
bonds,western,us-census-2010
bone,western,us-census-2010
bonham,western,us-census-2010
bonilla,western,us-census-2010
bonner,western,us-census-2010
booher,western,us-census-2010
booker,western,us-census-2010
boone,western,us-census-2010
booth,western,us-census-2010
boothe,western,us-census-2010
bordelon,western,us-census-2010
borden,western,us-census-2010
borders,western,us-census-2010
boren,western,us-census-2010
borges,western,us-census-2010
bosch,western,us-census-2010
bose,south_asian,curated-south-asian
bosley,western,us-census-2010
boss,western,us-census-2010
bostic,western,us-census-2010
bostick,western,us-census-2010
boston,western,us-census-2010
boswell,western,us-census-2010
botello,western,us-census-2010
bouchard,western,us-census-2010
boucher,western,us-census-2010
boudreau,western,us-census-2010
boudreaux,western,us-census-2010
bounds,western,us-census-2010
bourgeois,western,us-census-2010
bourne,western,us-census-2010
bourque,western,us-census-2010
bowden,western,us-census-2010
bowe,western,us-census-2010
bowen,western,us-census-2010
bowens,western,us-census-2010
bower,western,us-census-2010
bowers,western,us-census-2010
bowie,western,us-census-2010
bowles,western,us-census-2010
bowlin,western,us-census-2010
bowling,western,us-census-2010
bowman,western,us-census-2010
bowser,western,us-census-2010
box,western,us-census-2010
boyce,western,us-census-2010
boyd,western,us-census-2010
boyer,western,us-census-2010
boykin,western,us-census-2010
boyle,western,us-census-2010
boyles,western,us-census-2010
boynton,western,us-census-2010
bozeman,western,us-census-2010
bracken,western,us-census-2010
brackett,western,us-census-2010
bradbury,western,us-census-2010
braden,western,us-census-2010
bradford,western,us-census-2010
bradley,western,us-census-2010
bradshaw,western,us-census-2010
brady,western,us-census-2010
braganza,south_asian,curated-south-asian
bragg,western,us-census-2010
branch,western,us-census-2010
brand,western,us-census-2010
brandenburg,western,us-census-2010
brandon,western,us-census-2010
brandt,western,us-census-2010
branham,western,us-census-2010
brannan,western,us-census-2010
brannon,western,us-census-2010
branson,western,us-census-2010
brant,western,us-census-2010
brantley,western,us-census-2010
braswell,western,us-census-2010
bratcher,western,us-census-2010
bratton,western,us-census-2010
braun,western,us-census-2010
bravo,western,us-census-2010
braxton,western,us-census-2010
bray,western,us-census-2010
breaux,western,us-census-2010
breeden,western,us-census-2010
breedlove,western,us-census-2010
breen,western,us-census-2010
bremer,western,us-census-2010
brennan,western,us-census-2010
brenner,western,us-census-2010
brent,western,us-census-2010
brewer,western,us-census-2010
brewster,western,us-census-2010
brice,western,us-census-2010
bricker,western,us-census-2010
bridges,western,us-census-2010
briggs,western,us-census-2010
bright,western,us-census-2010
briley,western,us-census-2010
brill,western,us-census-2010
brink,western,us-census-2010
brinkley,western,us-census-2010
brinkman,western,us-census-2010
brinson,western,us-census-2010
briones,western,us-census-2010
briscoe,western,us-census-2010
briseno,western,us-census-2010
bristol,western,us-census-2010
bristow,western,us-census-2010
brito,western,us-census-2010
britt,western,us-census-2010
brittain,western,us-census-2010
britton,western,us-census-2010
broadway,western,us-census-2010
brock,western,us-census-2010
brockman,western,us-census-2010
broderick,western,us-census-2010
brody,western,us-census-2010
brogan,western,us-census-2010
bronson,western,us-census-2010
brooks,western,us-census-2010
broome,western,us-census-2010
brothers,western,us-census-2010
broughton,western,us-census-2010
broussard,western,us-census-2010
brower,western,us-census-2010
brown,western,us-census-2010
browne,western,us-census-2010
brownell,western,us-census-2010
browning,western,us-census-2010
brownlee,western,us-census-2010
broyles,western,us-census-2010
brubaker,western,us-census-2010
bruce,western,us-census-2010
brumfield,western,us-census-2010
brumley,western,us-census-2010
bruner,western,us-census-2010
brunner,western,us-census-2010
bruno,western,us-census-2010
bruns,western,us-census-2010
brunson,western,us-census-2010
brush,western,us-census-2010
bryan,western,us-census-2010
bryant,western,us-census-2010
bryson,western,us-census-2010
buchanan,western,us-census-2010
bucher,western,us-census-2010
buchholz,western,us-census-2010
buck,western,us-census-2010
buckingham,western,us-census-2010
buckley,western,us-census-2010
buckner,western,us-census-2010
budd,western,us-census-2010
buell,western,us-census-2010
bueno,western,us-census-2010
buffington,western,us-census-2010
buford,western,us-census-2010
bui,western,us-census-2010
bull,western,us-census-2010
bullard,western,us-census-2010
bullock,western,us-census-2010
bunch,western,us-census-2010
bundy,western,us-census-2010
bunker,western,us-census-2010
bunn,western,us-census-2010
bunting,western,us-census-2010
burch,western,us-census-2010
burchett,western,us-census-2010
burchfield,western,us-census-2010
burd,western,us-census-2010
burden,western,us-census-2010
burdette,western,us-census-2010
burdick,western,us-census-2010
burge,western,us-census-2010
burger,western,us-census-2010
burgess,western,us-census-2010
burgos,western,us-census-2010
burk,western,us-census-2010
burke,western,us-census-2010
burkett,western,us-census-2010
burkhardt,western,us-census-2010
burkhart,western,us-census-2010
burkholder,western,us-census-2010
burks,western,us-census-2010
burleson,western,us-census-2010
burley,western,us-census-2010
burnett,western,us-census-2010
burnette,western,us-census-2010
burney,western,us-census-2010
burnham,western,us-census-2010
burns,western,us-census-2010
burnside,western,us-census-2010
burr,western,us-census-2010
burrell,western,us-census-2010
burris,western,us-census-2010
burroughs,western,us-census-2010
burrow,western,us-census-2010
burrows,western,us-census-2010
burt,western,us-census-2010
burton,western,us-census-2010
busby,western,us-census-2010
busch,western,us-census-2010
bush,western,us-census-2010
buss,western,us-census-2010
bussey,western,us-census-2010
bustamante,western,us-census-2010
bustos,western,us-census-2010
butcher,western,us-census-2010
butler,western,us-census-2010
butt,western,us-census-2010
butterfield,western,us-census-2010
button,western,us-census-2010
butts,western,us-census-2010
buxton,western,us-census-2010
byars,western,us-census-2010
byers,western,us-census-2010
byler,western,us-census-2010
bynum,western,us-census-2010
byrd,western,us-census-2010
byrne,western,us-census-2010
byrnes,western,us-census-2010
byron,western,us-census-2010
caballero,western,us-census-2010
cable,western,us-census-2010
cabral,western,us-census-2010
cabrera,western,us-census-2010
caceres,western,us-census-2010
cade,western,us-census-2010
cadena,western,us-census-2010
cady,western,us-census-2010
cagle,western,us-census-2010
cahill,western,us-census-2010
cain,western,us-census-2010
calabrese,western,us-census-2010
calderon,western,us-census-2010
caldwell,western,us-census-2010
calhoun,western,us-census-2010
calkins,western,us-census-2010
call,western,us-census-2010
callahan,western,us-census-2010
callaway,western,us-census-2010
calloway,western,us-census-2010
calvert,western,us-census-2010
calvillo,western,us-census-2010
calvin,western,us-census-2010
camacho,western,us-census-2010
camarena,western,us-census-2010
camargo,western,us-census-2010
camarillo,western,us-census-2010
cameron,western,us-census-2010
camp,western,us-census-2010
campbell,western,us-census-2010
campos,western,us-census-2010
canada,western,us-census-2010
canady,western,us-census-2010
canales,western,us-census-2010
candelaria,western,us-census-2010
canfield,western,us-census-2010
cannon,western,us-census-2010
cano,western,us-census-2010
cantrell,western,us-census-2010
cantu,western,us-census-2010
cantwell,western,us-census-2010
canty,western,us-census-2010
cao,western,us-census-2010
capps,western,us-census-2010
caputo,western,us-census-2010
caraballo,western,us-census-2010
carbajal,western,us-census-2010
carbone,western,us-census-2010
card,western,us-census-2010
carden,western,us-census-2010
cardenas,western,us-census-2010
cardona,western,us-census-2010
cardoso,western,us-census-2010
cardoza,western,us-census-2010
cardwell,western,us-census-2010
carey,western,us-census-2010
carl,western,us-census-2010
carlin,western,us-census-2010
carlisle,western,us-census-2010
carlos,western,us-census-2010
carlson,western,us-census-2010
carlton,western,us-census-2010
carman,western,us-census-2010
carmichael,western,us-census-2010
carmona,western,us-census-2010
carnahan,western,us-census-2010
carnes,western,us-census-2010
carney,western,us-census-2010
caron,western,us-census-2010
carpenter,western,us-census-2010
carr,western,us-census-2010
carranza,western,us-census-2010
carrasco,western,us-census-2010
carreon,western,us-census-2010
carrera,western,us-census-2010
carrier,western,us-census-2010
carrillo,western,us-census-2010
carrington,western,us-census-2010
carrion,western,us-census-2010
carroll,western,us-census-2010
carson,western,us-census-2010
carter,western,us-census-2010
cartwright,western,us-census-2010
caruso,western,us-census-2010
carvalho,western,us-census-2010
carver,western,us-census-2010
cary,western,us-census-2010
casanova,western,us-census-2010
casas,western,us-census-2010
case,western,us-census-2010
casey,western,us-census-2010
cash,western,us-census-2010
casillas,western,us-census-2010
cason,western,us-census-2010
casper,western,us-census-2010
cass,western,us-census-2010
cassell,western,us-census-2010
cassidy,western,us-census-2010
castaneda,western,us-census-2010
casteel,western,us-census-2010
castellano,western,us-census-2010
castellanos,western,us-census-2010
castillo,western,us-census-2010
castle,western,us-census-2010
castleberry,western,us-census-2010
casto,western,us-census-2010
castro,western,us-census-2010
caswell,western,us-census-2010
catalano,western,us-census-2010
cates,western,us-census-2010
cathey,western,us-census-2010
cato,western,us-census-2010
caudill,western,us-census-2010
caudle,western,us-census-2010
causey,western,us-census-2010
cavanaugh,western,us-census-2010
cavazos,western,us-census-2010
cave,western,us-census-2010
cazares,western,us-census-2010
ceballos,western,us-census-2010
cecil,western,us-census-2010
cedeno,western,us-census-2010
cedillo,western,us-census-2010
ceja,western,us-census-2010
celik,arab,curated-arab
centeno,western,us-census-2010
cepeda,western,us-census-2010
cerda,western,us-census-2010
cervantes,western,us-census-2010
cha,western,us-census-2010
chacon,western,us-census-2010
chadha,south_asian,curated-south-asian
chadwick,western,us-census-2010
chaffin,western,us-census-2010
chakraborty,south_asian,curated-south-asian
chamberlain,western,us-census-2010
chamberlin,western,us-census-2010
chambers,western,us-census-2010
champagne,western,us-census-2010
champion,western,us-census-2010
chan,western,us-census-2010
chance,western,us-census-2010
chandler,western,us-census-2010
chaney,western,us-census-2010
chang,western,us-census-2010
chao,western,us-census-2010
chapa,western,us-census-2010
chapin,western,us-census-2010
chapman,western,us-census-2010
chappell,western,us-census-2010
charles,western,us-census-2010
charlton,western,us-census-2010
chase,western,us-census-2010
chastain,western,us-census-2010
chatman,western,us-census-2010
chatterjee,south_asian,curated-south-asian
chaturvedi,south_asian,curated-south-asian
chau,western,us-census-2010
chauhan,south_asian,curated-south-asian
chavarria,western,us-census-2010
chaves,western,us-census-2010
chavez,western,us-census-2010
chavira,western,us-census-2010
chavis,western,us-census-2010
cheatham,western,us-census-2010
cheek,western,us-census-2010
chen,western,us-census-2010
cheney,western,us-census-2010
cheng,western,us-census-2010
cherry,western,us-census-2010
chester,western,us-census-2010
chestnut,western,us-census-2010
cheung,western,us-census-2010
chew,western,us-census-2010
chiang,western,us-census-2010
childers,western,us-census-2010
childress,western,us-census-2010
childs,western,us-census-2010
chin,western,us-census-2010
ching,western,us-census-2010
chisholm,western,us-census-2010
chism,western,us-census-2010
chiu,western,us-census-2010
cho,western,us-census-2010
choate,western,us-census-2010
choe,western,us-census-2010
choi,western,us-census-2010
chong,western,us-census-2010
chopra,south_asian,curated-south-asian
chou,western,us-census-2010
chow,western,us-census-2010
chrisman,western,us-census-2010
christ,western,us-census-2010
christensen,western,us-census-2010
christenson,western,us-census-2010
christian,western,us-census-2010
christiansen,western,us-census-2010
christianson,western,us-census-2010
christie,western,us-census-2010
christman,western,us-census-2010
christopher,western,us-census-2010
christy,western,us-census-2010
chu,western,us-census-2010
chun,western,us-census-2010
chung,western,us-census-2010
church,western,us-census-2010
churchill,western,us-census-2010
cintron,western,us-census-2010
cisneros,western,us-census-2010
clancy,western,us-census-2010
clanton,western,us-census-2010
clapp,western,us-census-2010
clark,western,us-census-2010
clarke,western,us-census-2010
clarkson,western,us-census-2010
clary,western,us-census-2010
clausen,western,us-census-2010
clawson,western,us-census-2010
clay,western,us-census-2010
clayton,western,us-census-2010
cleary,western,us-census-2010
clegg,western,us-census-2010
clem,western,us-census-2010
clemens,western,us-census-2010
clement,western,us-census-2010
clemente,western,us-census-2010
clements,western,us-census-2010
clemmons,western,us-census-2010
clemons,western,us-census-2010
cleveland,western,us-census-2010
clevenger,western,us-census-2010
clifford,western,us-census-2010
clifton,western,us-census-2010
cline,western,us-census-2010
clinton,western,us-census-2010
close,western,us-census-2010
cloud,western,us-census-2010
clough,western,us-census-2010
clouse,western,us-census-2010
cloutier,western,us-census-2010
coates,western,us-census-2010
coats,western,us-census-2010
cobb,western,us-census-2010
coble,western,us-census-2010
coburn,western,us-census-2010
cochran,western,us-census-2010
cochrane,western,us-census-2010
cockrell,western,us-census-2010
cody,western,us-census-2010
coe,western,us-census-2010
coffey,western,us-census-2010
coffin,western,us-census-2010
coffman,western,us-census-2010
coggins,western,us-census-2010
cohen,western,us-census-2010
cohn,western,us-census-2010
coker,western,us-census-2010
colbert,western,us-census-2010
colburn,western,us-census-2010
colby,western,us-census-2010
cole,western,us-census-2010
coleman,western,us-census-2010
coles,western,us-census-2010
coley,western,us-census-2010
collado,western,us-census-2010
collazo,western,us-census-2010
collett,western,us-census-2010
colley,western,us-census-2010
collier,western,us-census-2010
collins,western,us-census-2010
colombo,european_other,curated-european
colon,western,us-census-2010
colson,western,us-census-2010
colvin,western,us-census-2010
colwell,western,us-census-2010
combs,western,us-census-2010
comeaux,western,us-census-2010
comer,western,us-census-2010
compton,western,us-census-2010
comstock,western,us-census-2010
conaway,western,us-census-2010
concepcion,western,us-census-2010
conde,western,us-census-2010
condon,western,us-census-2010
cone,western,us-census-2010
conger,western,us-census-2010
conklin,western,us-census-2010
conley,western,us-census-2010
conlon,western,us-census-2010
conn,western,us-census-2010
connell,western,us-census-2010
connelly,western,us-census-2010
conner,western,us-census-2010
connolly,western,us-census-2010
connor,western,us-census-2010
connors,western,us-census-2010
conover,western,us-census-2010
conrad,western,us-census-2010
conroy,western,us-census-2010
conte,western,us-census-2010
conti,western,us-census-2010
contreras,western,us-census-2010
conway,western,us-census-2010
cook,western,us-census-2010
cooke,western,us-census-2010
cooksey,western,us-census-2010
cooley,western,us-census-2010
coombs,western,us-census-2010
coon,western,us-census-2010
cooney,western,us-census-2010
coons,western,us-census-2010
cooper,western,us-census-2010
cope,western,us-census-2010
copeland,western,us-census-2010
copley,western,us-census-2010
coppola,western,us-census-2010
corbett,western,us-census-2010
corbin,western,us-census-2010
corcoran,western,us-census-2010
cordell,western,us-census-2010
corder,western,us-census-2010
cordero,western,us-census-2010
cordova,western,us-census-2010
corey,western,us-census-2010
corley,western,us-census-2010
cormier,western,us-census-2010
corn,western,us-census-2010
cornejo,western,us-census-2010
cornelius,western,us-census-2010
cornell,western,us-census-2010
cornett,western,us-census-2010
cornish,western,us-census-2010
cornwell,western,us-census-2010
corona,western,us-census-2010
coronado,western,us-census-2010
corral,western,us-census-2010
corrales,western,us-census-2010
correa,western,us-census-2010
correia,western,us-census-2010
correll,western,us-census-2010
corrigan,western,us-census-2010
cortes,western,us-census-2010
cortez,western,us-census-2010
corwin,western,us-census-2010
cosby,western,us-census-2010
cosgrove,western,us-census-2010
costa,western,us-census-2010
costello,western,us-census-2010
cota,western,us-census-2010
cote,western,us-census-2010
cotter,western,us-census-2010
cotton,western,us-census-2010
cottrell,western,us-census-2010
couch,western,us-census-2010
coughlin,western,us-census-2010
coulter,western,us-census-2010
council,western,us-census-2010
counts,western,us-census-2010
courtney,western,us-census-2010
cousins,western,us-census-2010
couture,western,us-census-2010
covarrubias,western,us-census-2010
covert,western,us-census-2010
covey,western,us-census-2010
covington,western,us-census-2010
cowan,western,us-census-2010
cowart,western,us-census-2010
cox,western,us-census-2010
coy,western,us-census-2010
coyle,western,us-census-2010
coyne,western,us-census-2010
crabtree,western,us-census-2010
craddock,western,us-census-2010
craft,western,us-census-2010
craig,western,us-census-2010
crain,western,us-census-2010
cramer,western,us-census-2010
crandall,western,us-census-2010
crane,western,us-census-2010
cranford,western,us-census-2010
craven,western,us-census-2010
crawford,western,us-census-2010
crawley,western,us-census-2010
creamer,western,us-census-2010
creech,western,us-census-2010
creel,western,us-census-2010
creighton,western,us-census-2010
crenshaw,western,us-census-2010
crespo,western,us-census-2010
crews,western,us-census-2010
crider,western,us-census-2010
crisp,western,us-census-2010
crist,western,us-census-2010
criswell,western,us-census-2010
crites,western,us-census-2010
crocker,western,us-census-2010
crockett,western,us-census-2010
croft,western,us-census-2010
cromer,western,us-census-2010
cromwell,western,us-census-2010
cronin,western,us-census-2010
crook,western,us-census-2010
crooks,western,us-census-2010
crosby,western,us-census-2010
cross,western,us-census-2010
crouch,western,us-census-2010
crouse,western,us-census-2010
crow,western,us-census-2010
crowder,western,us-census-2010
crowe,western,us-census-2010
crowell,western,us-census-2010
crowley,western,us-census-2010
crum,western,us-census-2010
crump,western,us-census-2010
cruse,western,us-census-2010
crutchfield,western,us-census-2010
cruz,western,us-census-2010
cuellar,western,us-census-2010
cuevas,western,us-census-2010
culbertson,western,us-census-2010
cullen,western,us-census-2010
culp,western,us-census-2010
culpepper,western,us-census-2010
culver,western,us-census-2010
cummings,western,us-census-2010
cummins,western,us-census-2010
cunningham,western,us-census-2010
cupp,western,us-census-2010
curiel,western,us-census-2010
curley,western,us-census-2010
curran,western,us-census-2010
currie,western,us-census-2010
currier,western,us-census-2010
curry,western,us-census-2010
curtin,western,us-census-2010
curtis,western,us-census-2010
cushing,western,us-census-2010
cushman,western,us-census-2010
custer,western,us-census-2010
cutler,western,us-census-2010
cyr,western,us-census-2010
dabney,western,us-census-2010
dagostino,western,us-census-2010
dahl,western,us-census-2010
daigle,western,us-census-2010
dailey,western,us-census-2010
daily,western,us-census-2010
dale,western,us-census-2010
daley,western,us-census-2010
dallas,western,us-census-2010
dalrymple,western,us-census-2010
dalton,western,us-census-2010
daly,western,us-census-2010
damato,western,us-census-2010
damico,western,us-census-2010
damon,western,us-census-2010
damron,western,us-census-2010
dang,western,us-census-2010
dangelo,western,us-census-2010
daniel,western,us-census-2010
daniels,western,us-census-2010
danielson,western,us-census-2010
danner,western,us-census-2010
dao,western,us-census-2010
darby,western,us-census-2010
darden,western,us-census-2010
darling,western,us-census-2010
darnell,western,us-census-2010
darr,western,us-census-2010
das,south_asian,curated-south-asian
dasgupta,south_asian,curated-south-asian
dasilva,western,us-census-2010
daugherty,western,us-census-2010
davenport,western,us-census-2010
davey,western,us-census-2010
david,western,us-census-2010
davidson,western,us-census-2010
davies,western,us-census-2010
davila,western,us-census-2010
davis,western,us-census-2010
davison,western,us-census-2010
dawkins,western,us-census-2010
dawson,western,us-census-2010
day,western,us-census-2010
dayton,western,us-census-2010
deal,western,us-census-2010
dean,western,us-census-2010
deanda,western,us-census-2010
deangelis,western,us-census-2010
deaton,western,us-census-2010
deboer,western,us-census-2010
decker,western,us-census-2010
dees,western,us-census-2010
deguzman,western,us-census-2010
dehart,western,us-census-2010
dejesus,western,us-census-2010
delacruz,western,us-census-2010
delagarza,western,us-census-2010
delaney,western,us-census-2010
delarosa,western,us-census-2010
delatorre,western,us-census-2010
deleon,western,us-census-2010
delgadillo,western,us-census-2010
delgado,western,us-census-2010
dell,western,us-census-2010
dellinger,western,us-census-2010
deloach,western,us-census-2010
delong,western,us-census-2010
delossantos,western,us-census-2010
delrio,western,us-census-2010
deluca,western,us-census-2010
deluna,western,us-census-2010
delvalle,western,us-census-2010
demarco,western,us-census-2010
demers,western,us-census-2010
demir,arab,curated-arab
dempsey,western,us-census-2010
deng,east_asian,curated-east-asian
denham,western,us-census-2010
denney,western,us-census-2010
denning,western,us-census-2010
dennis,western,us-census-2010
dennison,western,us-census-2010
denny,western,us-census-2010
denson,western,us-census-2010
dent,western,us-census-2010
denton,western,us-census-2010
derosa,western,us-census-2010
derr,western,us-census-2010
derrick,western,us-census-2010
desai,western,us-census-2010
desantis,western,us-census-2010
deshmukh,south_asian,curated-south-asian
desimone,western,us-census-2010
desmond,western,us-census-2010
desouza,south_asian,curated-south-asian
destefano,western,us-census-2010
deutsch,western,us-census-2010
devine,western,us-census-2010
devito,western,us-census-2010
devlin,western,us-census-2010
devore,western,us-census-2010
devries,western,us-census-2010
dewey,western,us-census-2010
dewitt,western,us-census-2010
dexter,western,us-census-2010
deyoung,western,us-census-2010
dial,western,us-census-2010
diamond,western,us-census-2010
dias,western,us-census-2010
diaz,western,us-census-2010
dick,western,us-census-2010
dickens,western,us-census-2010
dickerson,western,us-census-2010
dickey,western,us-census-2010
dickinson,western,us-census-2010
dickson,western,us-census-2010
diehl,western,us-census-2010
dietrich,western,us-census-2010
dietz,western,us-census-2010
diggs,western,us-census-2010
dill,western,us-census-2010
dillard,western,us-census-2010
dillon,western,us-census-2010
dinh,western,us-census-2010
dion,western,us-census-2010
dionne,western,us-census-2010
dix,western,us-census-2010
dixon,western,us-census-2010
do,western,us-census-2010
doan,western,us-census-2010
dobbins,western,us-census-2010
dobbs,western,us-census-2010
dobson,western,us-census-2010
dockery,western,us-census-2010
dodd,western,us-census-2010
dodds,western,us-census-2010
dodge,western,us-census-2010
dodson,western,us-census-2010
doe,western,us-census-2010
dogan,arab,curated-arab
doherty,western,us-census-2010
dolan,western,us-census-2010
doll,western,us-census-2010
dombrowski,western,us-census-2010
domingo,western,us-census-2010
dominguez,western,us-census-2010
donahue,western,us-census-2010
donald,western,us-census-2010
donaldson,western,us-census-2010
donato,western,us-census-2010
dong,western,us-census-2010
donley,western,us-census-2010
donnelly,western,us-census-2010
donohue,western,us-census-2010
donovan,western,us-census-2010
dooley,western,us-census-2010
doolittle,western,us-census-2010
doran,western,us-census-2010
dorman,western,us-census-2010
dorn,western,us-census-2010
dorris,western,us-census-2010
dorsey,western,us-census-2010
doss,western,us-census-2010
dotson,western,us-census-2010
doty,western,us-census-2010
doucette,western,us-census-2010
dougherty,western,us-census-2010
doughty,western,us-census-2010
douglas,western,us-census-2010
douglass,western,us-census-2010
dove,western,us-census-2010
dover,western,us-census-2010
dow,western,us-census-2010
dowd,western,us-census-2010
dowdy,western,us-census-2010
dowell,western,us-census-2010
dowling,western,us-census-2010
downey,western,us-census-2010
downing,western,us-census-2010
downs,western,us-census-2010
doyle,western,us-census-2010
dozier,western,us-census-2010
drake,western,us-census-2010
draper,western,us-census-2010
drayton,western,us-census-2010
drew,western,us-census-2010
dreyer,western,us-census-2010
driggers,western,us-census-2010
driscoll,western,us-census-2010
driver,western,us-census-2010
drummond,western,us-census-2010
drury,western,us-census-2010
dsouza,south_asian,curated-south-asian
duarte,western,us-census-2010
dube,western,us-census-2010
dubey,south_asian,curated-south-asian
dubois,western,us-census-2010
dubose,western,us-census-2010
duckett,western,us-census-2010
duckworth,western,us-census-2010
dudley,western,us-census-2010
duenas,western,us-census-2010
duff,western,us-census-2010
duffy,western,us-census-2010
dugan,western,us-census-2010
dugas,western,us-census-2010
duggan,western,us-census-2010
dugger,western,us-census-2010
duke,western,us-census-2010
dukes,western,us-census-2010
dumas,western,us-census-2010
dumont,western,us-census-2010
dunaway,western,us-census-2010
dunbar,western,us-census-2010
duncan,western,us-census-2010
dunham,western,us-census-2010
dunlap,western,us-census-2010
dunn,western,us-census-2010
dunne,western,us-census-2010
dunning,western,us-census-2010
duong,western,us-census-2010
dupont,western,us-census-2010
dupre,western,us-census-2010
dupree,western,us-census-2010
dupuis,western,us-census-2010
duran,western,us-census-2010
durand,western,us-census-2010
durant,western,us-census-2010
durbin,western,us-census-2010
durham,western,us-census-2010
durkin,western,us-census-2010
durr,western,us-census-2010
dutta,south_asian,curated-south-asian
dutton,western,us-census-2010
duval,western,us-census-2010
duvall,western,us-census-2010
dvorak,western,us-census-2010
dwivedi,south_asian,curated-south-asian
dwyer,western,us-census-2010
dye,western,us-census-2010
dyer,western,us-census-2010
dykes,western,us-census-2010
dykstra,western,us-census-2010
dyson,western,us-census-2010
eads,western,us-census-2010
eagle,western,us-census-2010
earl,western,us-census-2010
earle,western,us-census-2010
earley,western,us-census-2010
early,western,us-census-2010
earnest,western,us-census-2010
easley,western,us-census-2010
eason,western,us-census-2010
east,western,us-census-2010
easter,western,us-census-2010
easterling,western,us-census-2010
eastman,western,us-census-2010
easton,western,us-census-2010
eaton,western,us-census-2010
eaves,western,us-census-2010
ebert,western,us-census-2010
echevarria,western,us-census-2010
echeverria,western,us-census-2010
echols,western,us-census-2010
eck,western,us-census-2010
eckert,western,us-census-2010
eddy,western,us-census-2010
eden,western,us-census-2010
edgar,western,us-census-2010
edge,western,us-census-2010
edmond,western,us-census-2010
edmonds,western,us-census-2010
edmondson,western,us-census-2010
edwards,western,us-census-2010
egan,western,us-census-2010
eggers,western,us-census-2010
eggleston,western,us-census-2010
ehlers,western,us-census-2010
eisenberg,western,us-census-2010
elam,western,us-census-2010
elder,western,us-census-2010
eldridge,western,us-census-2010
elias,western,us-census-2010
elizondo,western,us-census-2010
elkins,western,us-census-2010
eller,western,us-census-2010
ellington,western,us-census-2010
elliot,western,us-census-2010
elliott,western,us-census-2010
ellis,western,us-census-2010
ellison,western,us-census-2010
ellsworth,western,us-census-2010
elmore,western,us-census-2010
elrod,western,us-census-2010
ely,western,us-census-2010
embry,western,us-census-2010
emerson,western,us-census-2010
emery,western,us-census-2010
emmons,western,us-census-2010
eng,western,us-census-2010
engel,western,us-census-2010
england,western,us-census-2010
engle,western,us-census-2010
english,western,us-census-2010
ennis,western,us-census-2010
enos,western,us-census-2010
enright,western,us-census-2010
enriquez,western,us-census-2010
epperson,western,us-census-2010
epps,western,us-census-2010
epstein,western,us-census-2010
erb,western,us-census-2010
erdman,western,us-census-2010
erickson,western,us-census-2010
ernst,western,us-census-2010
ervin,western,us-census-2010
erwin,western,us-census-2010
escalante,western,us-census-2010
escamilla,western,us-census-2010
escobar,western,us-census-2010
escobedo,western,us-census-2010
esparza,western,us-census-2010
espinal,western,us-census-2010
espino,western,us-census-2010
espinosa,western,us-census-2010
espinoza,western,us-census-2010
esposito,western,us-census-2010
esquivel,western,us-census-2010
estep,western,us-census-2010
estes,western,us-census-2010
estevez,western,us-census-2010
estrada,western,us-census-2010
estrella,western,us-census-2010
etheridge,western,us-census-2010
ethridge,western,us-census-2010
eubanks,western,us-census-2010
evangelista,western,us-census-2010
evans,western,us-census-2010
everett,western,us-census-2010
everhart,western,us-census-2010
evers,western,us-census-2010
everson,western,us-census-2010
ewing,western,us-census-2010
ezell,western,us-census-2010
faber,western,us-census-2010
fabian,western,us-census-2010
fagan,western,us-census-2010
fahey,western,us-census-2010
fain,western,us-census-2010
fair,western,us-census-2010
fairbanks,western,us-census-2010
fairchild,western,us-census-2010
faircloth,western,us-census-2010
faison,western,us-census-2010
fajardo,western,us-census-2010
falcon,western,us-census-2010
falcone,western,us-census-2010
falk,western,us-census-2010
fallon,western,us-census-2010
falls,western,us-census-2010
fang,western,us-census-2010
fanning,western,us-census-2010
farah,arab,curated-arab
farber,western,us-census-2010
farias,western,us-census-2010
farkas,western,us-census-2010
farley,western,us-census-2010
farmer,western,us-census-2010
farnsworth,western,us-census-2010
farr,western,us-census-2010
farrar,western,us-census-2010
farrell,western,us-census-2010
farrington,western,us-census-2010
farris,western,us-census-2010
farrow,western,us-census-2010
faulk,western,us-census-2010
faulkner,western,us-census-2010
faust,western,us-census-2010
fay,western,us-census-2010
fazio,western,us-census-2010
fee,western,us-census-2010
feeney,western,us-census-2010
felder,western,us-census-2010
feldman,western,us-census-2010
feliciano,western,us-census-2010
felix,western,us-census-2010
feller,western,us-census-2010
fellows,western,us-census-2010
felton,western,us-census-2010
felts,western,us-census-2010
feng,east_asian,curated-east-asian
fennell,western,us-census-2010
fenner,western,us-census-2010
fenton,western,us-census-2010
ferguson,western,us-census-2010
fernandes,western,us-census-2010
fernandez,western,us-census-2010
ferrara,western,us-census-2010
ferrari,western,us-census-2010
ferraro,western,us-census-2010
ferreira,western,us-census-2010
ferrell,western,us-census-2010
ferrer,western,us-census-2010
ferris,western,us-census-2010
ferro,western,us-census-2010
ferry,western,us-census-2010
fiedler,western,us-census-2010
field,western,us-census-2010
fielder,western,us-census-2010
fields,western,us-census-2010
fierro,western,us-census-2010
fife,western,us-census-2010
figueroa,western,us-census-2010
finch,western,us-census-2010
fincher,western,us-census-2010
findley,western,us-census-2010
fine,western,us-census-2010
fink,western,us-census-2010
finley,western,us-census-2010
finn,western,us-census-2010
finnegan,western,us-census-2010
finney,western,us-census-2010
fiore,western,us-census-2010
fischer,western,us-census-2010
fish,western,us-census-2010
fisher,western,us-census-2010
fishman,western,us-census-2010
fisk,western,us-census-2010
fitch,western,us-census-2010
fitzgerald,western,us-census-2010
fitzpatrick,western,us-census-2010
fitzsimmons,western,us-census-2010
flagg,western,us-census-2010
flaherty,western,us-census-2010
flanagan,western,us-census-2010
flanders,western,us-census-2010
flanigan,western,us-census-2010
flannery,western,us-census-2010
fleck,western,us-census-2010
fleming,western,us-census-2010
fletcher,western,us-census-2010
flick,western,us-census-2010
flint,western,us-census-2010
flood,western,us-census-2010
flora,western,us-census-2010
florence,western,us-census-2010
flores,western,us-census-2010
florez,western,us-census-2010
flowers,western,us-census-2010
floyd,western,us-census-2010
flynn,western,us-census-2010
fogarty,western,us-census-2010
fogle,western,us-census-2010
foley,western,us-census-2010
folsom,western,us-census-2010
foltz,western,us-census-2010
fong,western,us-census-2010
fonseca,western,us-census-2010
fontaine,western,us-census-2010
fontana,western,us-census-2010
fontenot,western,us-census-2010
foote,western,us-census-2010
forbes,western,us-census-2010
ford,western,us-census-2010
foreman,western,us-census-2010
forman,western,us-census-2010
forney,western,us-census-2010
forrest,western,us-census-2010
forrester,western,us-census-2010
forster,western,us-census-2010
forsyth,western,us-census-2010
forsythe,western,us-census-2010
fort,western,us-census-2010
forte,western,us-census-2010
fortier,western,us-census-2010
fortin,western,us-census-2010
fortner,western,us-census-2010
fortune,western,us-census-2010
foss,western,us-census-2010
foster,western,us-census-2010
fountain,western,us-census-2010
fournier,western,us-census-2010
foust,western,us-census-2010
fowler,western,us-census-2010
fox,western,us-census-2010
foy,western,us-census-2010
fraley,western,us-census-2010
frame,western,us-census-2010
france,western,us-census-2010
francis,western,us-census-2010
francisco,western,us-census-2010
franco,western,us-census-2010
francois,western,us-census-2010
frank,western,us-census-2010
franke,western,us-census-2010
frankel,western,us-census-2010
franklin,western,us-census-2010
franks,western,us-census-2010
frantz,western,us-census-2010
franz,western,us-census-2010
fraser,western,us-census-2010
frasier,western,us-census-2010
frazer,western,us-census-2010
frazier,western,us-census-2010
frederick,western,us-census-2010
fredericks,western,us-census-2010
fredrick,western,us-census-2010
fredrickson,western,us-census-2010
free,western,us-census-2010
freed,western,us-census-2010
freedman,western,us-census-2010
freeland,western,us-census-2010
freeman,western,us-census-2010
freitas,western,us-census-2010
french,western,us-census-2010
freund,western,us-census-2010
frey,western,us-census-2010
frias,western,us-census-2010
frick,western,us-census-2010
friday,western,us-census-2010
fried,western,us-census-2010
friedman,western,us-census-2010
friend,western,us-census-2010
fries,western,us-census-2010
fritz,western,us-census-2010
frost,western,us-census-2010
fry,western,us-census-2010
frye,western,us-census-2010
fryer,western,us-census-2010
fuchs,western,us-census-2010
fuentes,western,us-census-2010
fugate,western,us-census-2010
fulcher,western,us-census-2010
fuller,western,us-census-2010
fullerton,western,us-census-2010
fulmer,western,us-census-2010
fulton,western,us-census-2010
fultz,western,us-census-2010
fung,western,us-census-2010
funk,western,us-census-2010
fuqua,western,us-census-2010
furlong,western,us-census-2010
furman,western,us-census-2010
furr,western,us-census-2010
fusco,western,us-census-2010
gabel,western,us-census-2010
gable,western,us-census-2010
gabriel,western,us-census-2010
gaddis,western,us-census-2010
gaddy,western,us-census-2010
gaffney,western,us-census-2010
gage,western,us-census-2010
gagne,western,us-census-2010
gagnon,western,us-census-2010
gaikwad,south_asian,curated-south-asian
gaines,western,us-census-2010
gainey,western,us-census-2010
gaither,western,us-census-2010
galarza,western,us-census-2010
galbraith,western,us-census-2010
gale,western,us-census-2010
galindo,western,us-census-2010
gall,western,us-census-2010
gallagher,western,us-census-2010
gallant,western,us-census-2010
gallardo,western,us-census-2010
gallegos,western,us-census-2010
gallo,western,us-census-2010
galloway,western,us-census-2010
galvan,western,us-census-2010
galvez,western,us-census-2010
galvin,western,us-census-2010
gamble,western,us-census-2010
gamboa,western,us-census-2010
gamez,western,us-census-2010
gandy,western,us-census-2010
gann,western,us-census-2010
gannon,western,us-census-2010
gant,western,us-census-2010
gantt,western,us-census-2010
gao,east_asian,curated-east-asian
gaona,western,us-census-2010
garay,western,us-census-2010
garber,western,us-census-2010
garcia,western,us-census-2010
gardiner,western,us-census-2010
gardner,western,us-census-2010
garibay,western,us-census-2010
garland,western,us-census-2010
garman,western,us-census-2010
garner,western,us-census-2010
garnett,western,us-census-2010
garrett,western,us-census-2010
garris,western,us-census-2010
garrison,western,us-census-2010
garrity,western,us-census-2010
garvey,western,us-census-2010
garvin,western,us-census-2010
gary,western,us-census-2010
garza,western,us-census-2010
gaskin,western,us-census-2010
gaskins,western,us-census-2010
gaspar,western,us-census-2010
gass,western,us-census-2010
gaston,western,us-census-2010
gates,western,us-census-2010
gatewood,western,us-census-2010
gatlin,western,us-census-2010
gauthier,western,us-census-2010
gavin,western,us-census-2010
gay,western,us-census-2010
gayle,western,us-census-2010
gaytan,western,us-census-2010
gearhart,western,us-census-2010
geary,western,us-census-2010
gee,western,us-census-2010
geer,western,us-census-2010
geiger,western,us-census-2010
gentile,western,us-census-2010
gentry,western,us-census-2010
george,western,us-census-2010
gerard,western,us-census-2010
gerber,western,us-census-2010
gerlach,western,us-census-2010
german,western,us-census-2010
getz,western,us-census-2010
geyer,western,us-census-2010
ghosh,south_asian,curated-south-asian
gibbons,western,us-census-2010
gibbs,western,us-census-2010
gibson,western,us-census-2010
giddens,western,us-census-2010
giese,western,us-census-2010
gifford,western,us-census-2010
gil,western,us-census-2010
gilbert,western,us-census-2010
gilbertson,western,us-census-2010
gilchrist,western,us-census-2010
giles,western,us-census-2010
gill,western,us-census-2010
gillen,western,us-census-2010
gillespie,western,us-census-2010
gillette,western,us-census-2010
gilley,western,us-census-2010
gilliam,western,us-census-2010
gilliland,western,us-census-2010
gillis,western,us-census-2010
gilman,western,us-census-2010
gilmer,western,us-census-2010
gilmore,western,us-census-2010
gilson,western,us-census-2010
gingerich,western,us-census-2010
ginn,western,us-census-2010
giordano,western,us-census-2010
gipson,western,us-census-2010
girard,western,us-census-2010
giron,western,us-census-2010
givens,western,us-census-2010
gladden,western,us-census-2010
glaser,western,us-census-2010
glasgow,western,us-census-2010
glass,western,us-census-2010
glaze,western,us-census-2010
gleason,western,us-census-2010
glenn,western,us-census-2010
glick,western,us-census-2010
glover,western,us-census-2010
glynn,western,us-census-2010
goad,western,us-census-2010
goble,western,us-census-2010
goddard,western,us-census-2010
godfrey,western,us-census-2010
godinez,western,us-census-2010
godoy,western,us-census-2010
godwin,western,us-census-2010
goebel,western,us-census-2010
goetz,western,us-census-2010
goff,western,us-census-2010
goforth,western,us-census-2010
goins,western,us-census-2010
gold,western,us-census-2010
goldberg,western,us-census-2010
golden,western,us-census-2010
goldman,western,us-census-2010
goldsmith,western,us-census-2010
goldstein,western,us-census-2010
gomes,western,us-census-2010
gomez,western,us-census-2010
gonsalves,western,us-census-2010
gonzales,western,us-census-2010
gonzalez,western,us-census-2010
gooch,western,us-census-2010
good,western,us-census-2010
goode,western,us-census-2010
gooden,western,us-census-2010
goodin,western,us-census-2010
gooding,western,us-census-2010
goodman,western,us-census-2010
goodrich,western,us-census-2010
goodson,western,us-census-2010
goodwin,western,us-census-2010
goolsby,western,us-census-2010
gordon,western,us-census-2010
gore,western,us-census-2010
gorham,western,us-census-2010
gorman,western,us-census-2010
gorski,western,us-census-2010
gosnell,western,us-census-2010
goss,western,us-census-2010
gossett,western,us-census-2010
gottlieb,western,us-census-2010
gough,western,us-census-2010
gould,western,us-census-2010
gower,western,us-census-2010
goyal,south_asian,curated-south-asian
graber,western,us-census-2010
grabowski,western,us-census-2010
grace,western,us-census-2010
gracia,western,us-census-2010
grady,western,us-census-2010
graf,western,us-census-2010
graff,western,us-census-2010
graham,western,us-census-2010
granados,western,us-census-2010
grande,western,us-census-2010
granger,western,us-census-2010
grant,western,us-census-2010
grantham,western,us-census-2010
grasso,western,us-census-2010
graves,western,us-census-2010
gray,western,us-census-2010
grayson,western,us-census-2010
graziano,western,us-census-2010
greathouse,western,us-census-2010
greco,western,us-census-2010
green,western,us-census-2010
greenberg,western,us-census-2010
greene,western,us-census-2010
greenfield,western,us-census-2010
greenlee,western,us-census-2010
greenwell,western,us-census-2010
greenwood,western,us-census-2010
greer,western,us-census-2010
gregg,western,us-census-2010
gregory,western,us-census-2010
greiner,western,us-census-2010
gresham,western,us-census-2010
grey,western,us-census-2010
grice,western,us-census-2010
grider,western,us-census-2010
griego,western,us-census-2010
grier,western,us-census-2010
griffin,western,us-census-2010
griffis,western,us-census-2010
griffith,western,us-census-2010
griffiths,western,us-census-2010
griggs,western,us-census-2010
grigsby,western,us-census-2010
grim,western,us-census-2010
grimes,western,us-census-2010
grimm,western,us-census-2010
grisham,western,us-census-2010
grissom,western,us-census-2010
griswold,western,us-census-2010
groff,western,us-census-2010
grogan,western,us-census-2010
grooms,western,us-census-2010
gross,western,us-census-2010
grossman,western,us-census-2010
groth,western,us-census-2010
grove,western,us-census-2010
grover,western,us-census-2010
groves,western,us-census-2010
grubb,western,us-census-2010
grubbs,western,us-census-2010
gruber,western,us-census-2010
guajardo,western,us-census-2010
guardado,western,us-census-2010
guarino,western,us-census-2010
guenther,western,us-census-2010
guerra,western,us-census-2010
guerrero,western,us-census-2010
guess,western,us-census-2010
guest,western,us-census-2010
guevara,western,us-census-2010
guffey,western,us-census-2010
guidry,western,us-census-2010
guillen,western,us-census-2010
guillory,western,us-census-2010
guinn,western,us-census-2010
gulley,western,us-census-2010
gunderson,western,us-census-2010
gunn,western,us-census-2010
gunter,western,us-census-2010
gunther,western,us-census-2010
guo,east_asian,curated-east-asian
gupta,western,us-census-2010
gurley,western,us-census-2010
gustafson,western,us-census-2010
guthrie,western,us-census-2010
gutierrez,western,us-census-2010
guy,western,us-census-2010
guyton,western,us-census-2010
guzman,western,us-census-2010
ha,western,us-census-2010
haag,western,us-census-2010
haas,western,us-census-2010
haase,western,us-census-2010
hacker,western,us-census-2010
hackett,western,us-census-2010
hackney,western,us-census-2010
haddad,western,us-census-2010
haddock,western,us-census-2010
hadley,western,us-census-2010
hagan,western,us-census-2010
hagen,western,us-census-2010
hager,western,us-census-2010
haggard,western,us-census-2010
haggerty,western,us-census-2010
hahn,western,us-census-2010
haight,western,us-census-2010
hailey,western,us-census-2010
haines,western,us-census-2010
hair,western,us-census-2010
hairston,western,us-census-2010
hale,western,us-census-2010
hales,western,us-census-2010
haley,western,us-census-2010
hall,western,us-census-2010
haller,western,us-census-2010
hallman,western,us-census-2010
halsey,western,us-census-2010
halstead,western,us-census-2010
halverson,western,us-census-2010
ham,western,us-census-2010
hamblin,western,us-census-2010
hamby,western,us-census-2010
hamel,western,us-census-2010
hamer,western,us-census-2010
hamilton,western,us-census-2010
hamlin,western,us-census-2010
hamm,western,us-census-2010
hammer,western,us-census-2010
hammett,western,us-census-2010
hammock,western,us-census-2010
hammond,western,us-census-2010
hammonds,western,us-census-2010
hammons,western,us-census-2010
hampton,western,us-census-2010
hamrick,western,us-census-2010
han,western,us-census-2010
hancock,western,us-census-2010
hand,western,us-census-2010
handley,western,us-census-2010
handy,western,us-census-2010
hanes,western,us-census-2010
haney,western,us-census-2010
hankins,western,us-census-2010
hanks,western,us-census-2010
hanley,western,us-census-2010
hanlon,western,us-census-2010
hanna,western,us-census-2010
hannah,western,us-census-2010
hannon,western,us-census-2010
hansen,western,us-census-2010
hanson,western,us-census-2010
harbin,western,us-census-2010
hard,western,us-census-2010
harden,western,us-census-2010
harder,western,us-census-2010
hardesty,western,us-census-2010
hardin,western,us-census-2010
harding,western,us-census-2010
hardison,western,us-census-2010
hardman,western,us-census-2010
hardwick,western,us-census-2010
hardy,western,us-census-2010
hare,western,us-census-2010
hargis,western,us-census-2010
hargrave,western,us-census-2010
hargrove,western,us-census-2010
harkins,western,us-census-2010
harlan,western,us-census-2010
harless,western,us-census-2010
harley,western,us-census-2010
harlow,western,us-census-2010
harman,western,us-census-2010
harmon,western,us-census-2010
harms,western,us-census-2010
harp,western,us-census-2010
harper,western,us-census-2010
harrell,western,us-census-2010
harrelson,western,us-census-2010
harrington,western,us-census-2010
harris,western,us-census-2010
harrison,western,us-census-2010
harry,western,us-census-2010
hart,western,us-census-2010
harter,western,us-census-2010
hartley,western,us-census-2010
hartman,western,us-census-2010
hartmann,western,us-census-2010
hartwell,western,us-census-2010
harvey,western,us-census-2010
harwell,western,us-census-2010
harwood,western,us-census-2010
hashemi,arab,curated-arab
haskell,western,us-census-2010
haskins,western,us-census-2010
hass,western,us-census-2010
hassan,western,us-census-2010
hastings,western,us-census-2010
hasty,western,us-census-2010
hatch,western,us-census-2010
hatcher,western,us-census-2010
hatfield,western,us-census-2010
hathaway,western,us-census-2010
hatton,western,us-census-2010
hauck,western,us-census-2010
haugen,western,us-census-2010
hauser,western,us-census-2010
havens,western,us-census-2010
hawes,western,us-census-2010
hawk,western,us-census-2010
hawkins,western,us-census-2010
hawks,western,us-census-2010
hawley,western,us-census-2010
hawthorne,western,us-census-2010
hay,western,us-census-2010
hayashi,east_asian,curated-east-asian
hayden,western,us-census-2010
hayes,western,us-census-2010
haynes,western,us-census-2010
hays,western,us-census-2010
hayward,western,us-census-2010
haywood,western,us-census-2010
hazel,western,us-census-2010
hazen,western,us-census-2010
he,western,us-census-2010
head,western,us-census-2010
headley,western,us-census-2010
healey,western,us-census-2010
healy,western,us-census-2010
heard,western,us-census-2010
hearn,western,us-census-2010
heath,western,us-census-2010
heaton,western,us-census-2010
hebert,western,us-census-2010
hecht,western,us-census-2010
heck,western,us-census-2010
heckman,western,us-census-2010
hedges,western,us-census-2010
hedrick,western,us-census-2010
heffernan,western,us-census-2010
heffner,western,us-census-2010
heflin,western,us-census-2010
hefner,western,us-census-2010
heil,western,us-census-2010
heilman,western,us-census-2010
heim,western,us-census-2010
hein,western,us-census-2010
heinrich,western,us-census-2010
heinz,western,us-census-2010
held,western,us-census-2010
heller,western,us-census-2010
helm,western,us-census-2010
helms,western,us-census-2010
helton,western,us-census-2010
hembree,western,us-census-2010
hemphill,western,us-census-2010
henderson,western,us-census-2010
hendrick,western,us-census-2010
hendricks,western,us-census-2010
hendrickson,western,us-census-2010
hendrix,western,us-census-2010
henke,western,us-census-2010
henley,western,us-census-2010
hennessey,western,us-census-2010
hennessy,western,us-census-2010
henning,western,us-census-2010
henriquez,western,us-census-2010
henry,western,us-census-2010
hensley,western,us-census-2010
henson,western,us-census-2010
her,western,us-census-2010
herbert,western,us-census-2010
herbst,western,us-census-2010
heredia,western,us-census-2010
herman,western,us-census-2010
hermann,western,us-census-2010
hernandes,western,us-census-2010
hernandez,western,us-census-2010
herndon,western,us-census-2010
herr,western,us-census-2010
herrera,western,us-census-2010
herrick,western,us-census-2010
herrin,western,us-census-2010
herring,western,us-census-2010
herrington,western,us-census-2010
herrmann,western,us-census-2010
herron,western,us-census-2010
hershberger,western,us-census-2010
herzog,western,us-census-2010
hess,western,us-census-2010
hester,western,us-census-2010
hetrick,western,us-census-2010
hewitt,western,us-census-2010
hiatt,western,us-census-2010
hibbard,western,us-census-2010
hickey,western,us-census-2010
hickman,western,us-census-2010
hicks,western,us-census-2010
hidalgo,western,us-census-2010
higdon,western,us-census-2010
higginbotham,western,us-census-2010
higgins,western,us-census-2010
higgs,western,us-census-2010
high,western,us-census-2010
hightower,western,us-census-2010
hildebrand,western,us-census-2010
hildreth,western,us-census-2010
hill,western,us-census-2010
hiller,western,us-census-2010
hilliard,western,us-census-2010
hillman,western,us-census-2010
hills,western,us-census-2010
hilton,western,us-census-2010
himes,western,us-census-2010
hinds,western,us-census-2010
hines,western,us-census-2010
hinkle,western,us-census-2010
hinojosa,western,us-census-2010
hinson,western,us-census-2010
hinton,western,us-census-2010
hintz,western,us-census-2010
hirsch,western,us-census-2010
hitchcock,western,us-census-2010
hite,western,us-census-2010
hitt,western,us-census-2010
ho,western,us-census-2010
hoag,western,us-census-2010
hoang,western,us-census-2010
hobbs,western,us-census-2010
hobson,western,us-census-2010
hoch,western,us-census-2010
hodge,western,us-census-2010
hodges,western,us-census-2010
hodgson,western,us-census-2010
hofer,western,us-census-2010
hoff,western,us-census-2010
hoffman,western,us-census-2010
hoffmann,western,us-census-2010
hofmann,western,us-census-2010
hogan,western,us-census-2010
hogg,western,us-census-2010
hogue,western,us-census-2010
hoke,western,us-census-2010
holbert,western,us-census-2010
holbrook,western,us-census-2010
holcomb,western,us-census-2010
holcombe,western,us-census-2010
holden,western,us-census-2010
holder,western,us-census-2010
holguin,western,us-census-2010
holiday,western,us-census-2010
holland,western,us-census-2010
holley,western,us-census-2010
holliday,western,us-census-2010
hollingsworth,western,us-census-2010
hollins,western,us-census-2010
hollis,western,us-census-2010
holloman,western,us-census-2010
holloway,western,us-census-2010
holly,western,us-census-2010
holm,western,us-census-2010
holman,western,us-census-2010
holmes,western,us-census-2010
holt,western,us-census-2010
holton,western,us-census-2010
holtz,western,us-census-2010
homan,western,us-census-2010
honeycutt,western,us-census-2010
hong,western,us-census-2010
hood,western,us-census-2010
hook,western,us-census-2010
hooker,western,us-census-2010
hooks,western,us-census-2010
hooper,western,us-census-2010
hoover,western,us-census-2010
hope,western,us-census-2010
hopkins,western,us-census-2010
hoppe,western,us-census-2010
hopper,western,us-census-2010
hopson,western,us-census-2010
horan,western,us-census-2010
horn,western,us-census-2010
horne,western,us-census-2010
horner,western,us-census-2010
horning,western,us-census-2010
hornsby,western,us-census-2010
horowitz,western,us-census-2010
horst,western,us-census-2010
horton,western,us-census-2010
horvath,western,us-census-2010
hoskins,western,us-census-2010
hostetler,western,us-census-2010
houck,western,us-census-2010
hough,western,us-census-2010
houghton,western,us-census-2010
houle,western,us-census-2010
house,western,us-census-2010
houser,western,us-census-2010
houston,western,us-census-2010
howard,western,us-census-2010
howe,western,us-census-2010
howell,western,us-census-2010
howerton,western,us-census-2010
howes,western,us-census-2010
howland,western,us-census-2010
hoy,western,us-census-2010
hoyle,western,us-census-2010
hoyt,western,us-census-2010
hsu,western,us-census-2010
hu,western,us-census-2010
huang,western,us-census-2010
hubbard,western,us-census-2010
huber,western,us-census-2010
hubert,western,us-census-2010
huddleston,western,us-census-2010
hudgins,western,us-census-2010
hudson,western,us-census-2010
huebner,western,us-census-2010
huerta,western,us-census-2010
huey,western,us-census-2010
huff,western,us-census-2010
huffman,western,us-census-2010
huggins,western,us-census-2010
hughes,western,us-census-2010
hughey,western,us-census-2010
hull,western,us-census-2010
hulsey,western,us-census-2010
hume,western,us-census-2010
hummel,western,us-census-2010
humphrey,western,us-census-2010
humphreys,western,us-census-2010
humphries,western,us-census-2010
hundley,western,us-census-2010
hunt,western,us-census-2010
hunter,western,us-census-2010
huntington,western,us-census-2010
huntley,western,us-census-2010
hurd,western,us-census-2010
hurley,western,us-census-2010
hurst,western,us-census-2010
hurt,western,us-census-2010
hurtado,western,us-census-2010
huskey,western,us-census-2010
hussain,western,us-census-2010
hussein,arab,curated-arab
hussey,western,us-census-2010
huston,western,us-census-2010
hutchens,western,us-census-2010
hutcheson,western,us-census-2010
hutchings,western,us-census-2010
hutchins,western,us-census-2010
hutchinson,western,us-census-2010
hutchison,western,us-census-2010
hutson,western,us-census-2010
hutto,western,us-census-2010
hutton,western,us-census-2010
huynh,western,us-census-2010
hwang,western,us-census-2010
hyatt,western,us-census-2010
hyde,western,us-census-2010
hyland,western,us-census-2010
hylton,western,us-census-2010
hyman,western,us-census-2010
hynes,western,us-census-2010
ibarra,western,us-census-2010
ibrahim,western,us-census-2010
iglesias,western,us-census-2010
ikeda,east_asian,curated-east-asian
infante,western,us-census-2010
ingle,western,us-census-2010
ingram,western,us-census-2010
iniguez,western,us-census-2010
inman,western,us-census-2010
inoue,east_asian,curated-east-asian
irby,western,us-census-2010
ireland,western,us-census-2010
irish,western,us-census-2010
irizarry,western,us-census-2010
irons,western,us-census-2010
irvin,western,us-census-2010
irvine,western,us-census-2010
irving,western,us-census-2010
irwin,western,us-census-2010
isaac,western,us-census-2010
isaacs,western,us-census-2010
isaacson,western,us-census-2010
isbell,western,us-census-2010
isom,western,us-census-2010
israel,western,us-census-2010
ito,east_asian,curated-east-asian
iverson,western,us-census-2010
ives,western,us-census-2010
ivey,western,us-census-2010
ivory,western,us-census-2010
ivy,western,us-census-2010
iyengar,south_asian,curated-south-asian
iyer,south_asian,curated-south-asian
jablonski,western,us-census-2010
jack,western,us-census-2010
jackman,western,us-census-2010
jackson,western,us-census-2010
jacob,western,us-census-2010
jacobo,western,us-census-2010
jacobs,western,us-census-2010
jacobsen,western,us-census-2010
jacobson,western,us-census-2010
jacoby,western,us-census-2010
jacques,western,us-census-2010
jadhav,south_asian,curated-south-asian
jaeger,western,us-census-2010
jaime,western,us-census-2010
jaimes,western,us-census-2010
jain,south_asian,curated-south-asian
james,western,us-census-2010
jameson,western,us-census-2010
jamieson,western,us-census-2010
jamison,western,us-census-2010
janes,western,us-census-2010
jang,east_asian,curated-east-asian
jankowski,western,us-census-2010
jansen,western,us-census-2010
janssen,western,us-census-2010
jaramillo,western,us-census-2010
jarrell,western,us-census-2010
jarrett,western,us-census-2010
jarvis,western,us-census-2010
jasper,western,us-census-2010
jasso,western,us-census-2010
jauregui,western,us-census-2010
javier,western,us-census-2010
jay,western,us-census-2010
jean,western,us-census-2010
jeffers,western,us-census-2010
jefferson,western,us-census-2010
jeffery,western,us-census-2010
jeffrey,western,us-census-2010
jeffries,western,us-census-2010
jenkins,western,us-census-2010
jenks,western,us-census-2010
jennings,western,us-census-2010
jensen,western,us-census-2010
jenson,western,us-census-2010
jeong,east_asian,curated-east-asian
jernigan,western,us-census-2010
jerome,western,us-census-2010
jessup,western,us-census-2010
jester,western,us-census-2010
jeter,western,us-census-2010
jett,western,us-census-2010
jewell,western,us-census-2010
jewett,western,us-census-2010
jiang,western,us-census-2010
jimenez,western,us-census-2010
jo,east_asian,curated-east-asian
jobe,western,us-census-2010
joe,western,us-census-2010
johansen,western,us-census-2010
john,western,us-census-2010
johns,western,us-census-2010
johnsen,western,us-census-2010
johnson,western,us-census-2010
johnston,western,us-census-2010
johnstone,western,us-census-2010
joiner,western,us-census-2010
jolley,western,us-census-2010
jolly,western,us-census-2010
jonas,western,us-census-2010
jones,western,us-census-2010
jordan,western,us-census-2010
jorgensen,western,us-census-2010
jorgenson,western,us-census-2010
jose,western,us-census-2010
joseph,western,us-census-2010
joshi,south_asian,curated-south-asian
joslin,western,us-census-2010
joy,western,us-census-2010
joyce,western,us-census-2010
joyner,western,us-census-2010
juarez,western,us-census-2010
judd,western,us-census-2010
judge,western,us-census-2010
judy,western,us-census-2010
julian,western,us-census-2010
jung,western,us-census-2010
jurado,western,us-census-2010
justice,western,us-census-2010
justus,western,us-census-2010
kahn,western,us-census-2010
kaiser,western,us-census-2010
kale,south_asian,curated-south-asian
kaminski,western,us-census-2010
kane,western,us-census-2010
kang,western,us-census-2010
kaplan,western,us-census-2010
kapoor,south_asian,curated-south-asian
karam,arab,curated-arab
karr,western,us-census-2010
kasper,western,us-census-2010
kato,east_asian,curated-east-asian
katz,western,us-census-2010
kauffman,western,us-census-2010
kaufman,western,us-census-2010
kaufmann,western,us-census-2010
kaur,western,us-census-2010
kay,western,us-census-2010
kaya,arab,curated-arab
kaye,western,us-census-2010
keane,western,us-census-2010
kearney,western,us-census-2010
kearns,western,us-census-2010
keating,western,us-census-2010
keaton,western,us-census-2010
keck,western,us-census-2010
kee,western,us-census-2010
keefe,western,us-census-2010
keefer,western,us-census-2010
keegan,western,us-census-2010
keel,western,us-census-2010
keeler,western,us-census-2010
keeling,western,us-census-2010
keen,western,us-census-2010
keenan,western,us-census-2010
keene,western,us-census-2010
keener,western,us-census-2010
keeney,western,us-census-2010
keeton,western,us-census-2010
kehoe,western,us-census-2010
keim,western,us-census-2010
keiser,western,us-census-2010
keith,western,us-census-2010
kelleher,western,us-census-2010
keller,western,us-census-2010
kelley,western,us-census-2010
kellogg,western,us-census-2010
kelly,western,us-census-2010
kelsey,western,us-census-2010
kelso,western,us-census-2010
kemp,western,us-census-2010
kemper,western,us-census-2010
kendall,western,us-census-2010
kendrick,western,us-census-2010
kennedy,western,us-census-2010
kenney,western,us-census-2010
kenny,western,us-census-2010
kent,western,us-census-2010
kenyon,western,us-census-2010
kern,western,us-census-2010
kerns,western,us-census-2010
kerr,western,us-census-2010
kersey,western,us-census-2010
kessler,western,us-census-2010
kester,western,us-census-2010
ketchum,western,us-census-2010
key,western,us-census-2010
keyes,western,us-census-2010
keys,western,us-census-2010
keyser,western,us-census-2010
khalil,arab,curated-arab
khan,western,us-census-2010
khanna,south_asian,curated-south-asian
khouri,arab,curated-arab
khoury,arab,curated-arab
kidd,western,us-census-2010
kidder,western,us-census-2010
kidwell,western,us-census-2010
kiefer,western,us-census-2010
kilgore,western,us-census-2010
killian,western,us-census-2010
kilpatrick,western,us-census-2010
kim,western,us-census-2010
kimball,western,us-census-2010
kimble,western,us-census-2010
kimbrough,western,us-census-2010
kimmel,western,us-census-2010
kimura,east_asian,curated-east-asian
kinard,western,us-census-2010
kincaid,western,us-census-2010
kinder,western,us-census-2010
king,western,us-census-2010
kingsley,western,us-census-2010
kinney,western,us-census-2010
kinsey,western,us-census-2010
kirby,western,us-census-2010
kirchner,western,us-census-2010
kirk,western,us-census-2010
kirkland,western,us-census-2010
kirkpatrick,western,us-census-2010
kirkwood,western,us-census-2010
kirsch,western,us-census-2010
kiser,western,us-census-2010
kish,western,us-census-2010
kitchen,western,us-census-2010
kitchens,western,us-census-2010
klein,western,us-census-2010
kline,western,us-census-2010
kling,western,us-census-2010
klinger,western,us-census-2010
knapp,western,us-census-2010
knight,western,us-census-2010
knoll,western,us-census-2010
knott,western,us-census-2010
knotts,western,us-census-2010
knowles,western,us-census-2010
knowlton,western,us-census-2010
knox,western,us-census-2010
knudsen,western,us-census-2010
knudson,western,us-census-2010
knutson,western,us-census-2010
ko,western,us-census-2010
kobayashi,east_asian,curated-east-asian
koch,western,us-census-2010
koehler,western,us-census-2010
koehn,western,us-census-2010
koenig,western,us-census-2010
koester,western,us-census-2010
kohl,western,us-census-2010
kohler,western,us-census-2010
kohn,western,us-census-2010
kolb,western,us-census-2010
kong,western,us-census-2010
koontz,western,us-census-2010
kopp,western,us-census-2010
koss,western,us-census-2010
kovach,western,us-census-2010
kovacs,western,us-census-2010
kowalczyk,european_other,curated-european
kowalski,western,us-census-2010
kozak,western,us-census-2010
kozlowski,western,us-census-2010
kraemer,western,us-census-2010
kraft,western,us-census-2010
kramer,western,us-census-2010
kraus,western,us-census-2010
krause,western,us-census-2010
krauss,western,us-census-2010
krebs,western,us-census-2010
kremer,western,us-census-2010
kress,western,us-census-2010
krieger,western,us-census-2010
kroll,western,us-census-2010
krueger,western,us-census-2010
krug,western,us-census-2010
kruger,western,us-census-2010
kruse,western,us-census-2010
kuehn,western,us-census-2010
kuhn,western,us-census-2010
kuhns,western,us-census-2010
kulkarni,south_asian,curated-south-asian
kumar,western,us-census-2010
kunkel,western,us-census-2010
kuntz,western,us-census-2010
kunz,western,us-census-2010
kuo,western,us-census-2010
kurtz,western,us-census-2010
kurup,south_asian,curated-south-asian
kuykendall,western,us-census-2010
kwan,western,us-census-2010
kwon,western,us-census-2010
kyle,western,us-census-2010
lacey,western,us-census-2010
lackey,western,us-census-2010
lacroix,western,us-census-2010
lacy,western,us-census-2010
ladd,western,us-census-2010
lafferty,western,us-census-2010
lafleur,western,us-census-2010
lai,western,us-census-2010
laird,western,us-census-2010
lake,western,us-census-2010
lam,western,us-census-2010
lamar,western,us-census-2010
lamb,western,us-census-2010
lambert,western,us-census-2010
lamont,western,us-census-2010
lancaster,western,us-census-2010
lance,western,us-census-2010
land,western,us-census-2010
landeros,western,us-census-2010
landers,western,us-census-2010
landis,western,us-census-2010
landon,western,us-census-2010
landrum,western,us-census-2010
landry,western,us-census-2010
lane,western,us-census-2010
laney,western,us-census-2010
lang,western,us-census-2010
langdon,western,us-census-2010
lange,western,us-census-2010
langer,western,us-census-2010
langford,western,us-census-2010
langley,western,us-census-2010
langlois,western,us-census-2010
langston,western,us-census-2010
lanham,western,us-census-2010
lanier,western,us-census-2010
lankford,western,us-census-2010
lanning,western,us-census-2010
lantz,western,us-census-2010
laplante,western,us-census-2010
lapointe,western,us-census-2010
laporte,western,us-census-2010
lara,western,us-census-2010
large,western,us-census-2010
larios,western,us-census-2010
larkin,western,us-census-2010
larose,western,us-census-2010
larsen,western,us-census-2010
larson,western,us-census-2010
larue,western,us-census-2010
lash,western,us-census-2010
lassiter,western,us-census-2010
laster,western,us-census-2010
latham,western,us-census-2010
lathrop,western,us-census-2010
latimer,western,us-census-2010
lau,western,us-census-2010
lauer,western,us-census-2010
laughlin,western,us-census-2010
lavender,western,us-census-2010
lavigne,western,us-census-2010
lavin,western,us-census-2010
lavoie,western,us-census-2010
law,western,us-census-2010
lawler,western,us-census-2010
lawless,western,us-census-2010
lawrence,western,us-census-2010
laws,western,us-census-2010
lawson,western,us-census-2010
lawton,western,us-census-2010
lay,western,us-census-2010
layman,western,us-census-2010
layne,western,us-census-2010
layton,western,us-census-2010
lazo,western,us-census-2010
le,western,us-census-2010
lea,western,us-census-2010
leach,western,us-census-2010
leahy,western,us-census-2010
leake,western,us-census-2010
leal,western,us-census-2010
lear,western,us-census-2010
leary,western,us-census-2010
leavitt,western,us-census-2010
leblanc,western,us-census-2010
lebron,western,us-census-2010
leclair,western,us-census-2010
ledbetter,western,us-census-2010
ledesma,western,us-census-2010
ledezma,western,us-census-2010
ledford,western,us-census-2010
lee,western,us-census-2010
lefebvre,european_other,curated-european
leger,western,us-census-2010
legg,western,us-census-2010
leggett,western,us-census-2010
lehman,western,us-census-2010
lehmann,western,us-census-2010
leigh,western,us-census-2010
leighton,western,us-census-2010
lemaster,western,us-census-2010
lemay,western,us-census-2010
lemieux,western,us-census-2010
lemke,western,us-census-2010
lemon,western,us-census-2010
lemons,western,us-census-2010
lemus,western,us-census-2010
lennon,western,us-census-2010
lentz,western,us-census-2010
lenz,western,us-census-2010
leo,western,us-census-2010
leon,western,us-census-2010
leonard,western,us-census-2010
leone,western,us-census-2010
leong,western,us-census-2010
lerma,western,us-census-2010
lerner,western,us-census-2010
leroy,western,us-census-2010
leslie,western,us-census-2010
lester,western,us-census-2010
leung,western,us-census-2010
levesque,western,us-census-2010
levi,western,us-census-2010
levin,western,us-census-2010
levine,western,us-census-2010
levy,western,us-census-2010
lew,western,us-census-2010
lewandowski,western,us-census-2010
lewis,western,us-census-2010
leyva,western,us-census-2010
li,western,us-census-2010
liang,western,us-census-2010
libby,western,us-census-2010
lieberman,western,us-census-2010
lien,western,us-census-2010
light,western,us-census-2010
lightfoot,western,us-census-2010
liles,western,us-census-2010
lilley,western,us-census-2010
lilly,western,us-census-2010
lim,western,us-census-2010
lima,western,us-census-2010
limon,western,us-census-2010
lin,western,us-census-2010
linares,western,us-census-2010
lincoln,western,us-census-2010
lind,western,us-census-2010
lindberg,western,us-census-2010
linder,western,us-census-2010
lindgren,western,us-census-2010
lindley,western,us-census-2010
lindner,western,us-census-2010
lindquist,western,us-census-2010
lindsay,western,us-census-2010
lindsey,western,us-census-2010
lindstrom,western,us-census-2010
ling,western,us-census-2010
link,western,us-census-2010
linn,western,us-census-2010
linton,western,us-census-2010
linville,western,us-census-2010
lipscomb,western,us-census-2010
lira,western,us-census-2010
lister,western,us-census-2010
little,western,us-census-2010
littlefield,western,us-census-2010
littlejohn,western,us-census-2010
littleton,western,us-census-2010
liu,western,us-census-2010
lively,western,us-census-2010
livingston,western,us-census-2010
llamas,western,us-census-2010
lloyd,western,us-census-2010
lo,western,us-census-2010
lobo,south_asian,curated-south-asian
lock,western,us-census-2010
locke,western,us-census-2010
lockett,western,us-census-2010
lockhart,western,us-census-2010
locklear,western,us-census-2010
lockwood,western,us-census-2010
loera,western,us-census-2010
loftin,western,us-census-2010
loftis,western,us-census-2010
lofton,western,us-census-2010
loftus,western,us-census-2010
logan,western,us-census-2010
logsdon,western,us-census-2010
logue,western,us-census-2010
lohr,western,us-census-2010
lomax,western,us-census-2010
lombardi,western,us-census-2010
lombardo,western,us-census-2010
lomeli,western,us-census-2010
london,western,us-census-2010
long,western,us-census-2010
longo,western,us-census-2010
longoria,western,us-census-2010
loomis,western,us-census-2010
looney,western,us-census-2010
loper,western,us-census-2010
lopes,western,us-census-2010
lopez,western,us-census-2010
lor,western,us-census-2010
lord,western,us-census-2010
lorenz,western,us-census-2010
lorenzo,western,us-census-2010
lott,western,us-census-2010
louie,western,us-census-2010
louis,western,us-census-2010
lovato,western,us-census-2010
love,western,us-census-2010
lovejoy,western,us-census-2010
lovelace,western,us-census-2010
loveless,western,us-census-2010
lovell,western,us-census-2010
lovett,western,us-census-2010
loving,western,us-census-2010
low,western,us-census-2010
lowe,western,us-census-2010
lowell,western,us-census-2010
lowery,western,us-census-2010
lowman,western,us-census-2010
lowry,western,us-census-2010
loy,western,us-census-2010
loya,western,us-census-2010
loyd,western,us-census-2010
loza,western,us-census-2010
lozada,western,us-census-2010
lozano,western,us-census-2010
lu,western,us-census-2010
lucas,western,us-census-2010
luce,western,us-census-2010
lucero,western,us-census-2010
luciano,western,us-census-2010
lucio,western,us-census-2010
luckett,western,us-census-2010
ludwig,western,us-census-2010
lugo,western,us-census-2010
luis,western,us-census-2010
lujan,western,us-census-2010
luke,western,us-census-2010
lum,western,us-census-2010
lumpkin,western,us-census-2010
luna,western,us-census-2010
lund,western,us-census-2010
lundberg,western,us-census-2010
lundgren,western,us-census-2010
lundquist,western,us-census-2010
lundy,western,us-census-2010
lung,western,us-census-2010
lunsford,western,us-census-2010
luo,east_asian,curated-east-asian
luong,western,us-census-2010
lusk,western,us-census-2010
luster,western,us-census-2010
luther,western,us-census-2010
luttrell,western,us-census-2010
lutz,western,us-census-2010
luu,western,us-census-2010
ly,western,us-census-2010
lyle,western,us-census-2010
lyles,western,us-census-2010
lyman,western,us-census-2010
lynch,western,us-census-2010
lynn,western,us-census-2010
lyon,western,us-census-2010
lyons,western,us-census-2010
lytle,western,us-census-2010
ma,western,us-census-2010
maas,western,us-census-2010
mabe,western,us-census-2010
mabry,western,us-census-2010
macdonald,western,us-census-2010
mace,western,us-census-2010
machado,western,us-census-2010
macias,western,us-census-2010
maciel,western,us-census-2010
mack,western,us-census-2010
mackay,western,us-census-2010
mackenzie,western,us-census-2010
mackey,western,us-census-2010
mackie,western,us-census-2010
macklin,western,us-census-2010
maclean,western,us-census-2010
macleod,western,us-census-2010
macon,western,us-census-2010
madden,western,us-census-2010
maddox,western,us-census-2010
madera,western,us-census-2010
madison,western,us-census-2010
madrid,western,us-census-2010
madrigal,western,us-census-2010
madsen,western,us-census-2010
maestas,western,us-census-2010
magana,western,us-census-2010
magee,western,us-census-2010
magnuson,western,us-census-2010
maguire,western,us-census-2010
mahaffey,western,us-census-2010
mahan,western,us-census-2010
maher,western,us-census-2010
mahmoud,arab,curated-arab
mahon,western,us-census-2010
mahoney,western,us-census-2010
mai,western,us-census-2010
maier,western,us-census-2010
main,western,us-census-2010
major,western,us-census-2010
majors,western,us-census-2010
maki,western,us-census-2010
malcolm,western,us-census-2010
maldonado,western,us-census-2010
malek,arab,curated-arab
malhotra,south_asian,curated-south-asian
malik,western,us-census-2010
mallett,western,us-census-2010
mallory,western,us-census-2010
malloy,western,us-census-2010
malone,western,us-census-2010
maloney,western,us-census-2010
mancini,western,us-census-2010
mancuso,western,us-census-2010
mandel,western,us-census-2010
maness,western,us-census-2010
mangum,western,us-census-2010
manley,western,us-census-2010
mann,western,us-census-2010
manning,western,us-census-2010
mansfield,western,us-census-2010
manson,western,us-census-2010
mansour,arab,curated-arab
manuel,western,us-census-2010
manzano,western,us-census-2010
manzo,western,us-census-2010
maples,western,us-census-2010
march,western,us-census-2010
marchese,western,us-census-2010
marcum,western,us-census-2010
marcus,western,us-census-2010
marek,western,us-census-2010
mares,western,us-census-2010
mariano,western,us-census-2010
marin,western,us-census-2010
marino,western,us-census-2010
marion,western,us-census-2010
mark,western,us-census-2010
markham,western,us-census-2010
markley,western,us-census-2010
marks,western,us-census-2010
marler,western,us-census-2010
marlow,western,us-census-2010
marquardt,western,us-census-2010
marquez,western,us-census-2010
marquis,western,us-census-2010
marr,western,us-census-2010
marrero,western,us-census-2010
marroquin,western,us-census-2010
marsh,western,us-census-2010
marshall,western,us-census-2010
martel,western,us-census-2010
martell,western,us-census-2010
martens,western,us-census-2010
martin,western,us-census-2010
martindale,western,us-census-2010
martines,western,us-census-2010
martinez,western,us-census-2010
martini,western,us-census-2010
martino,western,us-census-2010
martins,western,us-census-2010
martinson,western,us-census-2010
martz,western,us-census-2010
marvin,western,us-census-2010
marx,western,us-census-2010
mashburn,western,us-census-2010
mason,western,us-census-2010
massey,western,us-census-2010
massie,western,us-census-2010
mast,western,us-census-2010
masters,western,us-census-2010
masterson,western,us-census-2010
mata,western,us-census-2010
mateo,western,us-census-2010
matheny,western,us-census-2010
mather,western,us-census-2010
mathes,western,us-census-2010
matheson,western,us-census-2010
mathew,western,us-census-2010
mathews,western,us-census-2010
mathias,western,us-census-2010
mathis,western,us-census-2010
matias,western,us-census-2010
matlock,western,us-census-2010
matos,western,us-census-2010
matson,western,us-census-2010
matsumoto,east_asian,curated-east-asian
matteson,western,us-census-2010
matthew,western,us-census-2010
matthews,western,us-census-2010
mattingly,western,us-census-2010
mattison,western,us-census-2010
mattox,western,us-census-2010
mattson,western,us-census-2010
mauldin,western,us-census-2010
maurer,western,us-census-2010
mauro,western,us-census-2010
maxey,western,us-census-2010
maxwell,western,us-census-2010
may,western,us-census-2010
maya,western,us-census-2010
mayberry,western,us-census-2010
mayer,western,us-census-2010
mayes,western,us-census-2010
mayfield,western,us-census-2010
mayhew,western,us-census-2010
maynard,western,us-census-2010
mayo,western,us-census-2010
mayorga,western,us-census-2010
mays,western,us-census-2010
mazur,western,us-census-2010
mazza,western,us-census-2010
mcadams,western,us-census-2010
mcafee,western,us-census-2010
mcalister,western,us-census-2010
mcallister,western,us-census-2010
mcarthur,western,us-census-2010
mcbee,western,us-census-2010
mcbride,western,us-census-2010
mccabe,western,us-census-2010
mccaffrey,western,us-census-2010
mccain,western,us-census-2010
mccall,western,us-census-2010
mccallister,western,us-census-2010
mccallum,western,us-census-2010
mccann,western,us-census-2010
mccarter,western,us-census-2010
mccarthy,western,us-census-2010
mccartney,western,us-census-2010
mccarty,western,us-census-2010
mccauley,western,us-census-2010
mcclain,western,us-census-2010
mcclanahan,western,us-census-2010
mcclellan,western,us-census-2010
mcclelland,western,us-census-2010
mcclendon,western,us-census-2010
mcclintock,western,us-census-2010
mccloskey,western,us-census-2010
mccloud,western,us-census-2010
mcclung,western,us-census-2010
mcclure,western,us-census-2010
mccollum,western,us-census-2010
mccombs,western,us-census-2010
mcconnell,western,us-census-2010
mccool,western,us-census-2010
mccord,western,us-census-2010
mccorkle,western,us-census-2010
mccormack,western,us-census-2010
mccormick,western,us-census-2010
mccoy,western,us-census-2010
mccracken,western,us-census-2010
mccrary,western,us-census-2010
mccray,western,us-census-2010
mccreary,western,us-census-2010
mccue,western,us-census-2010
mcculloch,western,us-census-2010
mccullough,western,us-census-2010
mccune,western,us-census-2010
mccurdy,western,us-census-2010
mccurry,western,us-census-2010
mccutcheon,western,us-census-2010
mcdade,western,us-census-2010
mcdaniel,western,us-census-2010
mcdaniels,western,us-census-2010
mcdermott,western,us-census-2010
mcdevitt,western,us-census-2010
mcdonald,western,us-census-2010
mcdonnell,western,us-census-2010
mcdonough,western,us-census-2010
mcdougal,western,us-census-2010
mcdowell,western,us-census-2010
mcduffie,western,us-census-2010
mcelroy,western,us-census-2010
mcewen,western,us-census-2010
mcfadden,western,us-census-2010
mcfall,western,us-census-2010
mcfarland,western,us-census-2010
mcfarlane,western,us-census-2010
mcgarry,western,us-census-2010
mcgee,western,us-census-2010
mcghee,western,us-census-2010
mcgill,western,us-census-2010
mcginley,western,us-census-2010
mcginnis,western,us-census-2010
mcgovern,western,us-census-2010
mcgowan,western,us-census-2010
mcgrath,western,us-census-2010
mcgraw,western,us-census-2010
mcgregor,western,us-census-2010
mcgrew,western,us-census-2010
mcguire,western,us-census-2010
mchenry,western,us-census-2010
mchugh,western,us-census-2010
mcinnis,western,us-census-2010
mcintire,western,us-census-2010
mcintosh,western,us-census-2010
mcintyre,western,us-census-2010
mckay,western,us-census-2010
mckee,western,us-census-2010
mckeever,western,us-census-2010
mckelvey,western,us-census-2010
mckenna,western,us-census-2010
mckenney,western,us-census-2010
mckenzie,western,us-census-2010
mckeon,western,us-census-2010
mckeown,western,us-census-2010
mckinley,western,us-census-2010
mckinney,western,us-census-2010
mckinnon,western,us-census-2010
mcknight,western,us-census-2010
mckoy,western,us-census-2010
mclain,western,us-census-2010
mclaughlin,western,us-census-2010
mclaurin,western,us-census-2010
mclean,western,us-census-2010
mclemore,western,us-census-2010
mclendon,western,us-census-2010
mcleod,western,us-census-2010
mcmahan,western,us-census-2010
mcmahon,western,us-census-2010
mcmanus,western,us-census-2010
mcmaster,western,us-census-2010
mcmichael,western,us-census-2010
mcmillan,western,us-census-2010
mcmillen,western,us-census-2010
mcmillian,western,us-census-2010
mcmullen,western,us-census-2010
mcmurray,western,us-census-2010
mcnabb,western,us-census-2010
mcnair,western,us-census-2010
mcnally,western,us-census-2010
mcnamara,western,us-census-2010
mcneal,western,us-census-2010
mcneely,western,us-census-2010
mcneil,western,us-census-2010
mcneill,western,us-census-2010
mcnulty,western,us-census-2010
mcnutt,western,us-census-2010
mcpherson,western,us-census-2010
mcqueen,western,us-census-2010
mcrae,western,us-census-2010
mcreynolds,western,us-census-2010
mcvay,western,us-census-2010
mcvey,western,us-census-2010
mcwhorter,western,us-census-2010
mcwilliams,western,us-census-2010
mead,western,us-census-2010
meade,western,us-census-2010
meador,western,us-census-2010
meadows,western,us-census-2010
means,western,us-census-2010
mears,western,us-census-2010
medeiros,western,us-census-2010
medina,western,us-census-2010
medley,western,us-census-2010
medlin,western,us-census-2010
medrano,western,us-census-2010
meehan,western,us-census-2010
meek,western,us-census-2010
meeker,western,us-census-2010
meeks,western,us-census-2010
mehta,western,us-census-2010
meier,western,us-census-2010
meister,western,us-census-2010
mejia,western,us-census-2010
melendez,western,us-census-2010
mello,western,us-census-2010
melo,western,us-census-2010
melson,western,us-census-2010
melton,western,us-census-2010
melvin,western,us-census-2010
mena,western,us-census-2010
menard,western,us-census-2010
menchaca,western,us-census-2010
mendenhall,western,us-census-2010
mendes,western,us-census-2010
mendez,western,us-census-2010
mendiola,western,us-census-2010
mendoza,western,us-census-2010
menendez,western,us-census-2010
menon,south_asian,curated-south-asian
mercado,western,us-census-2010
mercer,western,us-census-2010
merchant,western,us-census-2010
mercier,western,us-census-2010
meredith,western,us-census-2010
merino,western,us-census-2010
merkel,western,us-census-2010
merrell,western,us-census-2010
merrick,western,us-census-2010
merrill,western,us-census-2010
merriman,western,us-census-2010
merritt,western,us-census-2010
mertz,western,us-census-2010
mesa,western,us-census-2010
messer,western,us-census-2010
messina,western,us-census-2010
metcalf,western,us-census-2010
metz,western,us-census-2010
metzger,western,us-census-2010
metzler,western,us-census-2010
meyer,western,us-census-2010
meyers,western,us-census-2010
meza,western,us-census-2010
michael,western,us-census-2010
michaels,western,us-census-2010
michalski,western,us-census-2010
michaud,western,us-census-2010
michel,western,us-census-2010
michels,western,us-census-2010
mickelson,western,us-census-2010
middleton,western,us-census-2010
miguel,western,us-census-2010
milam,western,us-census-2010
milburn,western,us-census-2010
miles,western,us-census-2010
miley,western,us-census-2010
mill,western,us-census-2010
millan,western,us-census-2010
millard,western,us-census-2010
miller,western,us-census-2010
milligan,western,us-census-2010
mills,western,us-census-2010
milner,western,us-census-2010
milton,western,us-census-2010
mims,western,us-census-2010
miner,western,us-census-2010
minnick,western,us-census-2010
minor,western,us-census-2010
minter,western,us-census-2010
minton,western,us-census-2010
miramontes,western,us-census-2010
miranda,western,us-census-2010
mireles,western,us-census-2010
mishra,south_asian,curated-south-asian
mitchell,western,us-census-2010
mixon,western,us-census-2010
mize,western,us-census-2010
mobley,western,us-census-2010
mock,western,us-census-2010
moe,western,us-census-2010
moeller,western,us-census-2010
moen,western,us-census-2010
moffett,western,us-census-2010
moffitt,western,us-census-2010
mohamed,western,us-census-2010
mohammed,western,us-census-2010
mohr,western,us-census-2010
mojica,western,us-census-2010
molina,western,us-census-2010
moll,western,us-census-2010
molloy,western,us-census-2010
molnar,western,us-census-2010
monaco,western,us-census-2010
monaghan,western,us-census-2010
monahan,western,us-census-2010
mondragon,western,us-census-2010
monk,western,us-census-2010
monroe,western,us-census-2010
monroy,western,us-census-2010
monson,western,us-census-2010
montague,western,us-census-2010
montalvo,western,us-census-2010
montanez,western,us-census-2010
montano,western,us-census-2010
montemayor,western,us-census-2010
montenegro,western,us-census-2010
montero,western,us-census-2010
montes,western,us-census-2010
montez,western,us-census-2010
montgomery,western,us-census-2010
montiel,western,us-census-2010
montoya,western,us-census-2010
moody,western,us-census-2010
moon,western,us-census-2010
mooney,western,us-census-2010
moore,western,us-census-2010
moorman,western,us-census-2010
mora,western,us-census-2010
moradi,arab,curated-arab
morales,western,us-census-2010
moran,western,us-census-2010
moreau,western,us-census-2010
morehead,western,us-census-2010
moreland,western,us-census-2010
moreno,western,us-census-2010
moretti,european_other,curated-european
morey,western,us-census-2010
morgan,western,us-census-2010
moriarty,western,us-census-2010
morin,western,us-census-2010
morley,western,us-census-2010
morrell,western,us-census-2010
morrill,western,us-census-2010
morris,western,us-census-2010
morrison,western,us-census-2010
morrissey,western,us-census-2010
morrow,western,us-census-2010
morse,western,us-census-2010
mortensen,western,us-census-2010
morton,western,us-census-2010
mosby,western,us-census-2010
moseley,western,us-census-2010
moser,western,us-census-2010
moses,western,us-census-2010
mosher,western,us-census-2010
mosier,western,us-census-2010
mosley,western,us-census-2010
mosqueda,western,us-census-2010
moss,western,us-census-2010
mota,western,us-census-2010
motley,western,us-census-2010
mott,western,us-census-2010
moua,western,us-census-2010
moulton,western,us-census-2010
mount,western,us-census-2010
mowery,western,us-census-2010
moy,western,us-census-2010
moya,western,us-census-2010
moye,western,us-census-2010
moyer,western,us-census-2010
mueller,western,us-census-2010
muhammad,western,us-census-2010
muir,western,us-census-2010
mukherjee,south_asian,curated-south-asian
mulcahy,western,us-census-2010
mulder,western,us-census-2010
mull,western,us-census-2010
mullen,western,us-census-2010
muller,western,us-census-2010
mulligan,western,us-census-2010
mullin,western,us-census-2010
mullins,western,us-census-2010
mullis,western,us-census-2010
mundy,western,us-census-2010
munguia,western,us-census-2010
muniz,western,us-census-2010
munn,western,us-census-2010
munoz,western,us-census-2010
munro,western,us-census-2010
munson,western,us-census-2010
murdock,western,us-census-2010
murillo,western,us-census-2010
murphy,western,us-census-2010
murray,western,us-census-2010
murrell,western,us-census-2010
murry,western,us-census-2010
muse,western,us-census-2010
musgrove,western,us-census-2010
musick,western,us-census-2010
musser,western,us-census-2010
myers,western,us-census-2010
myles,western,us-census-2010
myrick,western,us-census-2010
nadeau,western,us-census-2010
nagel,western,us-census-2010
nagle,western,us-census-2010
nagy,western,us-census-2010
naidu,south_asian,curated-south-asian
naik,south_asian,curated-south-asian
nair,south_asian,curated-south-asian
najera,western,us-census-2010
nakamura,western,us-census-2010
nakhle,arab,curated-arab
nall,western,us-census-2010
namboothiri,south_asian,curated-south-asian
nance,western,us-census-2010
napier,western,us-census-2010
napolitano,western,us-census-2010
naranjo,western,us-census-2010
narvaez,western,us-census-2010
nash,western,us-census-2010
nasrallah,arab,curated-arab
nathan,western,us-census-2010
nation,western,us-census-2010
nava,western,us-census-2010
navarrete,western,us-census-2010
navarro,western,us-census-2010
naylor,western,us-census-2010
neal,western,us-census-2010
needham,western,us-census-2010
neel,western,us-census-2010
neeley,western,us-census-2010
neely,western,us-census-2010
neff,western,us-census-2010
negrete,western,us-census-2010
negron,western,us-census-2010
neil,western,us-census-2010
neill,western,us-census-2010
nelms,western,us-census-2010
nelson,western,us-census-2010
nemeth,western,us-census-2010
nesbitt,western,us-census-2010
nesmith,western,us-census-2010
ness,western,us-census-2010
nettles,western,us-census-2010
neuman,western,us-census-2010
neumann,western,us-census-2010
nevarez,western,us-census-2010
neville,western,us-census-2010
new,western,us-census-2010
newberry,western,us-census-2010
newby,western,us-census-2010
newcomb,western,us-census-2010
newell,western,us-census-2010
newkirk,western,us-census-2010
newland,western,us-census-2010
newman,western,us-census-2010
newsom,western,us-census-2010
newsome,western,us-census-2010
newton,western,us-census-2010
ng,western,us-census-2010
ngo,western,us-census-2010
nguyen,western,us-census-2010
nicholas,western,us-census-2010
nichols,western,us-census-2010
nicholson,western,us-census-2010
nickel,western,us-census-2010
nickerson,western,us-census-2010
nielsen,western,us-census-2010
nielson,western,us-census-2010
nieto,western,us-census-2010
nieves,western,us-census-2010
niles,western,us-census-2010
nino,western,us-census-2010
nix,western,us-census-2010
nixon,western,us-census-2010
noble,western,us-census-2010
nobles,western,us-census-2010
noe,western,us-census-2010
noel,western,us-census-2010
nolan,western,us-census-2010
noland,western,us-census-2010
nolasco,western,us-census-2010
nolen,western,us-census-2010
noll,western,us-census-2010
noonan,western,us-census-2010
noriega,western,us-census-2010
norman,western,us-census-2010
norris,western,us-census-2010
north,western,us-census-2010
norton,western,us-census-2010
norwood,western,us-census-2010
novak,western,us-census-2010
novotny,western,us-census-2010
nowak,western,us-census-2010
nowlin,western,us-census-2010
noyes,western,us-census-2010
nugent,western,us-census-2010
null,western,us-census-2010
nunes,western,us-census-2010
nunez,western,us-census-2010
nunley,western,us-census-2010
nunn,western,us-census-2010
nutt,western,us-census-2010
nutter,western,us-census-2010
nye,western,us-census-2010
oakes,western,us-census-2010
oakley,western,us-census-2010
oaks,western,us-census-2010
oates,western,us-census-2010
obrien,western,us-census-2010
ocampo,western,us-census-2010
ocasio,western,us-census-2010
ochoa,western,us-census-2010
oconnell,western,us-census-2010
oconnor,western,us-census-2010
odell,western,us-census-2010
oden,western,us-census-2010
odom,western,us-census-2010
odonnell,western,us-census-2010
ogden,western,us-census-2010
ogle,western,us-census-2010
oglesby,western,us-census-2010
ogrady,western,us-census-2010
oh,western,us-census-2010
ohara,western,us-census-2010
ojeda,western,us-census-2010
okeefe,western,us-census-2010
oldham,western,us-census-2010
olds,western,us-census-2010
oleary,western,us-census-2010
olguin,western,us-census-2010
oliva,western,us-census-2010
olivares,western,us-census-2010
olivarez,western,us-census-2010
olivas,western,us-census-2010
oliveira,western,us-census-2010
oliver,western,us-census-2010
olivo,western,us-census-2010
olmos,western,us-census-2010
olmstead,western,us-census-2010
olsen,western,us-census-2010
olson,western,us-census-2010
olvera,western,us-census-2010
omalley,western,us-census-2010
omar,arab,curated-arab
oneal,western,us-census-2010
oneil,western,us-census-2010
oneill,western,us-census-2010
ong,western,us-census-2010
ontiveros,western,us-census-2010
ordonez,western,us-census-2010
oreilly,western,us-census-2010
orellana,western,us-census-2010
orlando,western,us-census-2010
ornelas,western,us-census-2010
orosco,western,us-census-2010
orourke,western,us-census-2010
orozco,western,us-census-2010
orr,western,us-census-2010
ortega,western,us-census-2010
ortiz,western,us-census-2010
osborn,western,us-census-2010
osborne,western,us-census-2010
osburn,western,us-census-2010
oshea,western,us-census-2010
osorio,western,us-census-2010
ostrander,western,us-census-2010
ostrowski,western,us-census-2010
osullivan,western,us-census-2010
oswald,western,us-census-2010
otero,western,us-census-2010
otis,western,us-census-2010
otoole,western,us-census-2010
ott,western,us-census-2010
otto,western,us-census-2010
ouellette,western,us-census-2010
outlaw,western,us-census-2010
overstreet,western,us-census-2010
overton,western,us-census-2010
owen,western,us-census-2010
owens,western,us-census-2010
oxendine,western,us-census-2010
ozdemir,arab,curated-arab
pace,western,us-census-2010
pacheco,western,us-census-2010
pack,western,us-census-2010
packard,western,us-census-2010
packer,western,us-census-2010
padgett,western,us-census-2010
padilla,western,us-census-2010
padron,western,us-census-2010
paez,western,us-census-2010
pagan,western,us-census-2010
pagano,western,us-census-2010
page,western,us-census-2010
paige,western,us-census-2010
paine,western,us-census-2010
painter,western,us-census-2010
pak,western,us-census-2010
palacio,western,us-census-2010
palacios,western,us-census-2010
palermo,western,us-census-2010
palm,western,us-census-2010
palma,western,us-census-2010
palmer,western,us-census-2010
palomino,western,us-census-2010
palumbo,western,us-census-2010
pan,western,us-census-2010
pandey,south_asian,curated-south-asian
pang,western,us-census-2010
paniagua,western,us-census-2010
pannell,western,us-census-2010
pantoja,western,us-census-2010
pappas,western,us-census-2010
paquette,western,us-census-2010
pardo,western,us-census-2010
paredes,western,us-census-2010
parent,western,us-census-2010
parham,western,us-census-2010
paris,western,us-census-2010
parish,western,us-census-2010
parisi,western,us-census-2010
park,western,us-census-2010
parker,western,us-census-2010
parkinson,western,us-census-2010
parks,western,us-census-2010
parnell,western,us-census-2010
parr,western,us-census-2010
parra,western,us-census-2010
parris,western,us-census-2010
parrish,western,us-census-2010
parrott,western,us-census-2010
parry,western,us-census-2010
parson,western,us-census-2010
parsons,western,us-census-2010
partida,western,us-census-2010
partin,western,us-census-2010
partridge,western,us-census-2010
pascual,western,us-census-2010
pasha,arab,curated-arab
pate,western,us-census-2010
patel,western,us-census-2010
paterson,western,us-census-2010
pathak,south_asian,curated-south-asian
patil,south_asian,curated-south-asian
patino,western,us-census-2010
patrick,western,us-census-2010
patten,western,us-census-2010
patterson,western,us-census-2010
patton,western,us-census-2010
paul,western,us-census-2010
pauley,western,us-census-2010
paulino,western,us-census-2010
paulsen,western,us-census-2010
paulson,western,us-census-2010
pawar,south_asian,curated-south-asian
paxton,western,us-census-2010
payne,western,us-census-2010
payton,western,us-census-2010
paz,western,us-census-2010
peace,western,us-census-2010
peacock,western,us-census-2010
peak,western,us-census-2010
pearce,western,us-census-2010
pearl,western,us-census-2010
pearson,western,us-census-2010
pease,western,us-census-2010
peck,western,us-census-2010
pedersen,western,us-census-2010
pederson,western,us-census-2010
pedraza,western,us-census-2010
pedroza,western,us-census-2010
peebles,western,us-census-2010
peek,western,us-census-2010
peel,western,us-census-2010
peeples,western,us-census-2010
pellegrino,western,us-census-2010
pelletier,western,us-census-2010
peltier,western,us-census-2010
pemberton,western,us-census-2010
pena,western,us-census-2010
pence,western,us-census-2010
pendergrass,western,us-census-2010
pendleton,western,us-census-2010
peng,western,us-census-2010
penn,western,us-census-2010
pennington,western,us-census-2010
penny,western,us-census-2010
penrod,western,us-census-2010
peoples,western,us-census-2010
pepper,western,us-census-2010
perales,western,us-census-2010
peralta,western,us-census-2010
perdomo,western,us-census-2010
perdue,western,us-census-2010
perea,western,us-census-2010
pereira,western,us-census-2010
perez,western,us-census-2010
perkins,western,us-census-2010
perrin,western,us-census-2010
perry,western,us-census-2010
perryman,western,us-census-2010
persaud,western,us-census-2010
person,western,us-census-2010
peter,western,us-census-2010
peterman,western,us-census-2010
peters,western,us-census-2010
petersen,western,us-census-2010
peterson,western,us-census-2010
petit,european_other,curated-european
petrie,western,us-census-2010
pettigrew,western,us-census-2010
pettis,western,us-census-2010
pettit,western,us-census-2010
petty,western,us-census-2010
peyton,western,us-census-2010
pfeifer,western,us-census-2010
pfeiffer,western,us-census-2010
pham,western,us-census-2010
phan,western,us-census-2010
phelan,western,us-census-2010
phelps,western,us-census-2010
philips,western,us-census-2010
phillips,western,us-census-2010
phipps,western,us-census-2010
piazza,western,us-census-2010
picard,western,us-census-2010
pichardo,western,us-census-2010
pickard,western,us-census-2010
pickens,western,us-census-2010
pickering,western,us-census-2010
pickett,western,us-census-2010
pieper,western,us-census-2010
pierce,western,us-census-2010
pierre,western,us-census-2010
pierson,western,us-census-2010
pike,western,us-census-2010
pillai,south_asian,curated-south-asian
pimentel,western,us-census-2010
pina,western,us-census-2010
pine,western,us-census-2010
pineda,western,us-census-2010
pinkerton,western,us-census-2010
pinkston,western,us-census-2010
pino,western,us-census-2010
pinson,western,us-census-2010
pinto,western,us-census-2010
piper,western,us-census-2010
pippin,western,us-census-2010
pitman,western,us-census-2010
pitt,western,us-census-2010
pittman,western,us-census-2010
pitts,western,us-census-2010
place,western,us-census-2010
plante,western,us-census-2010
platt,western,us-census-2010
pleasant,western,us-census-2010
plummer,western,us-census-2010
plunkett,western,us-census-2010
poe,western,us-census-2010
pogue,western,us-census-2010
poindexter,western,us-census-2010
pointer,western,us-census-2010
poirier,western,us-census-2010
polanco,western,us-census-2010
poland,western,us-census-2010
poling,western,us-census-2010
polk,western,us-census-2010
pollack,western,us-census-2010
pollard,western,us-census-2010
pollock,western,us-census-2010
pomeroy,western,us-census-2010
ponce,western,us-census-2010
pond,western,us-census-2010
ponder,western,us-census-2010
pool,western,us-census-2010
poole,western,us-census-2010
poore,western,us-census-2010
pope,western,us-census-2010
popp,western,us-census-2010
porras,western,us-census-2010
porter,western,us-census-2010
porterfield,western,us-census-2010
portillo,western,us-census-2010
posey,western,us-census-2010
post,western,us-census-2010
poston,western,us-census-2010
potter,western,us-census-2010
potts,western,us-census-2010
poulin,western,us-census-2010
pounds,western,us-census-2010
powell,western,us-census-2010
power,western,us-census-2010
powers,western,us-census-2010
prado,western,us-census-2010
prater,western,us-census-2010
prather,western,us-census-2010
pratt,western,us-census-2010
preciado,western,us-census-2010
prentice,western,us-census-2010
prescott,western,us-census-2010
presley,western,us-census-2010
pressley,western,us-census-2010
preston,western,us-census-2010
prewitt,western,us-census-2010
price,western,us-census-2010
pride,western,us-census-2010
priest,western,us-census-2010
prieto,western,us-census-2010
prince,western,us-census-2010
pringle,western,us-census-2010
prior,western,us-census-2010
pritchard,western,us-census-2010
pritchett,western,us-census-2010
proctor,western,us-census-2010
proffitt,western,us-census-2010
prosser,western,us-census-2010
provost,western,us-census-2010
pruett,western,us-census-2010
pruitt,western,us-census-2010
pryor,western,us-census-2010
puckett,western,us-census-2010
puente,western,us-census-2010
pugh,western,us-census-2010
pulido,western,us-census-2010
pullen,western,us-census-2010
pulley,western,us-census-2010
pulliam,western,us-census-2010
purcell,western,us-census-2010
purdy,western,us-census-2010
purnell,western,us-census-2010
purvis,western,us-census-2010
putman,western,us-census-2010
putnam,western,us-census-2010
pyle,western,us-census-2010
pyles,western,us-census-2010
quach,western,us-census-2010
qualls,western,us-census-2010
quarles,western,us-census-2010
queen,western,us-census-2010
quesada,western,us-census-2010
quezada,western,us-census-2010
quick,western,us-census-2010
quigley,western,us-census-2010
quinlan,western,us-census-2010
quinn,western,us-census-2010
quinones,western,us-census-2010
quinonez,western,us-census-2010
quintana,western,us-census-2010
quintanilla,western,us-census-2010
quintero,western,us-census-2010
quiroz,western,us-census-2010
rader,western,us-census-2010
radford,western,us-census-2010
rafferty,western,us-census-2010
ragan,western,us-census-2010
ragland,western,us-census-2010
ragsdale,western,us-census-2010
rahman,western,us-census-2010
raines,western,us-census-2010
rainey,western,us-census-2010
rains,western,us-census-2010
rainwater,western,us-census-2010
rajput,south_asian,curated-south-asian
ralph,western,us-census-2010
ralston,western,us-census-2010
rambo,western,us-census-2010
ramey,western,us-census-2010
ramirez,western,us-census-2010
ramon,western,us-census-2010
ramos,western,us-census-2010
ramsay,western,us-census-2010
ramsey,western,us-census-2010
rand,western,us-census-2010
randall,western,us-census-2010
randazzo,western,us-census-2010
randle,western,us-census-2010
randolph,western,us-census-2010
raney,western,us-census-2010
rangel,western,us-census-2010
rankin,western,us-census-2010
ransom,western,us-census-2010
rao,western,us-census-2010
rapp,western,us-census-2010
rash,western,us-census-2010
rasmussen,western,us-census-2010
ratcliff,western,us-census-2010
rathbun,western,us-census-2010
ratliff,western,us-census-2010
rau,western,us-census-2010
rauch,western,us-census-2010
rausch,western,us-census-2010
rawlings,western,us-census-2010
rawls,western,us-census-2010
ray,western,us-census-2010
rayburn,western,us-census-2010
raymond,western,us-census-2010
raynor,western,us-census-2010
razo,western,us-census-2010
rea,western,us-census-2010
read,western,us-census-2010
reagan,western,us-census-2010
reardon,western,us-census-2010
reaves,western,us-census-2010
rector,western,us-census-2010
redd,western,us-census-2010
redden,western,us-census-2010
reddick,western,us-census-2010
redding,western,us-census-2010
reddy,western,us-census-2010
redman,western,us-census-2010
redmon,western,us-census-2010
redmond,western,us-census-2010
reece,western,us-census-2010
reed,western,us-census-2010
reeder,western,us-census-2010
reedy,western,us-census-2010
rees,western,us-census-2010
reese,western,us-census-2010
reeves,western,us-census-2010
regalado,western,us-census-2010
regan,western,us-census-2010
register,western,us-census-2010
reich,western,us-census-2010
reichert,western,us-census-2010
reid,western,us-census-2010
reilly,western,us-census-2010
reimer,western,us-census-2010
reinhardt,western,us-census-2010
reinhart,western,us-census-2010
reis,western,us-census-2010
reiss,western,us-census-2010
reiter,western,us-census-2010
reitz,western,us-census-2010
rendon,western,us-census-2010
renfro,western,us-census-2010
renner,western,us-census-2010
reno,western,us-census-2010
renteria,western,us-census-2010
resendez,western,us-census-2010
resendiz,western,us-census-2010
reuter,western,us-census-2010
rey,western,us-census-2010
reyes,western,us-census-2010
reyna,western,us-census-2010
reynolds,western,us-census-2010
reynoso,western,us-census-2010
rhea,western,us-census-2010
rhoades,western,us-census-2010
rhoads,western,us-census-2010
rhodes,western,us-census-2010
ricci,western,us-census-2010
rice,western,us-census-2010
rich,western,us-census-2010
richard,western,us-census-2010
richards,western,us-census-2010
richardson,western,us-census-2010
richey,western,us-census-2010
richie,western,us-census-2010
richman,western,us-census-2010
richmond,western,us-census-2010
richter,western,us-census-2010
rickard,western,us-census-2010
ricker,western,us-census-2010
ricketts,western,us-census-2010
ricks,western,us-census-2010
rico,western,us-census-2010
riddick,western,us-census-2010
riddle,western,us-census-2010
ridenour,western,us-census-2010
rider,western,us-census-2010
ridge,western,us-census-2010
ridgeway,western,us-census-2010
ridley,western,us-census-2010
ries,western,us-census-2010
riggins,western,us-census-2010
riggs,western,us-census-2010
rigsby,western,us-census-2010
riley,western,us-census-2010
rinaldi,western,us-census-2010
rincon,western,us-census-2010
rinehart,western,us-census-2010
ring,western,us-census-2010
riordan,western,us-census-2010
rios,western,us-census-2010
ripley,western,us-census-2010
ritchey,western,us-census-2010
ritchie,western,us-census-2010
ritter,western,us-census-2010
rivas,western,us-census-2010
rivera,western,us-census-2010
rivero,western,us-census-2010
rivers,western,us-census-2010
rizzo,western,us-census-2010
roach,western,us-census-2010
roark,western,us-census-2010
robb,western,us-census-2010
robbins,western,us-census-2010
roberson,western,us-census-2010
robert,western,us-census-2010
roberts,western,us-census-2010
robertson,western,us-census-2010
robinette,western,us-census-2010
robins,western,us-census-2010
robinson,western,us-census-2010
robison,western,us-census-2010
robledo,western,us-census-2010
robles,western,us-census-2010
robson,western,us-census-2010
roby,western,us-census-2010
rocha,western,us-census-2010
roche,western,us-census-2010
rock,western,us-census-2010
rockwell,western,us-census-2010
rodarte,western,us-census-2010
rodas,western,us-census-2010
roddy,western,us-census-2010
roderick,western,us-census-2010
rodgers,western,us-census-2010
rodrigues,western,us-census-2010
rodriguez,western,us-census-2010
rodriquez,western,us-census-2010
roe,western,us-census-2010
roeder,western,us-census-2010
rogers,western,us-census-2010
rohde,western,us-census-2010
rohrer,western,us-census-2010
rojas,western,us-census-2010
rojo,western,us-census-2010
roland,western,us-census-2010
roldan,western,us-census-2010
roller,western,us-census-2010
rollins,western,us-census-2010
roman,western,us-census-2010
romano,western,us-census-2010
romeo,western,us-census-2010
romero,western,us-census-2010
romine,western,us-census-2010
romo,western,us-census-2010
rooks,western,us-census-2010
rooney,western,us-census-2010
root,western,us-census-2010
roper,western,us-census-2010
roque,western,us-census-2010
rosa,western,us-census-2010
rosado,western,us-census-2010
rosales,western,us-census-2010
rosario,western,us-census-2010
rosas,western,us-census-2010
rose,western,us-census-2010
rosen,western,us-census-2010
rosenbaum,western,us-census-2010
rosenberg,western,us-census-2010
rosenberger,western,us-census-2010
rosenthal,western,us-census-2010
ross,western,us-census-2010
rosser,western,us-census-2010
rossi,western,us-census-2010
roth,western,us-census-2010
rountree,western,us-census-2010
rouse,western,us-census-2010
roush,western,us-census-2010
rousseau,western,us-census-2010
rowan,western,us-census-2010
rowe,western,us-census-2010
rowell,western,us-census-2010
rowland,western,us-census-2010
rowley,western,us-census-2010
roy,western,us-census-2010
royal,western,us-census-2010
royer,western,us-census-2010
royster,western,us-census-2010
rubin,western,us-census-2010
rubino,western,us-census-2010
rubio,western,us-census-2010
ruby,western,us-census-2010
rucker,western,us-census-2010
rudd,western,us-census-2010
rudolph,western,us-census-2010
rudy,western,us-census-2010
rueda,western,us-census-2010
ruelas,western,us-census-2010
ruff,western,us-census-2010
ruffin,western,us-census-2010
ruggiero,western,us-census-2010
ruiz,western,us-census-2010
runyon,western,us-census-2010
rupert,western,us-census-2010
rupp,western,us-census-2010
rush,western,us-census-2010
rushing,western,us-census-2010
russ,western,us-census-2010
russell,western,us-census-2010
russo,western,us-census-2010
rust,western,us-census-2010
ruth,western,us-census-2010
rutherford,western,us-census-2010
rutkowski,western,us-census-2010
rutledge,western,us-census-2010
rutter,western,us-census-2010
ruvalcaba,western,us-census-2010
ryan,western,us-census-2010
ryder,western,us-census-2010
saad,arab,curated-arab
saade,arab,curated-arab
saavedra,western,us-census-2010
sabo,western,us-census-2010
sacco,western,us-census-2010
sachs,western,us-census-2010
sadler,western,us-census-2010
saenz,western,us-census-2010
sage,western,us-census-2010
sager,western,us-census-2010
sahin,arab,curated-arab
salas,western,us-census-2010
salazar,western,us-census-2010
salcedo,western,us-census-2010
salcido,western,us-census-2010
saldana,western,us-census-2010
saldivar,western,us-census-2010
saleh,arab,curated-arab
salerno,western,us-census-2010
sales,western,us-census-2010
salgado,western,us-census-2010
saliba,arab,curated-arab
salinas,western,us-census-2010
salisbury,western,us-census-2010
salmon,western,us-census-2010
salter,western,us-census-2010
salvador,western,us-census-2010
salyer,western,us-census-2010
sam,western,us-census-2010
sammons,western,us-census-2010
sample,western,us-census-2010
samples,western,us-census-2010
sampson,western,us-census-2010
sams,western,us-census-2010
samson,western,us-census-2010
samuel,western,us-census-2010
samuels,western,us-census-2010
samuelson,western,us-census-2010
sanabria,western,us-census-2010
sanborn,western,us-census-2010
sanches,western,us-census-2010
sanchez,western,us-census-2010
sandberg,western,us-census-2010
sander,western,us-census-2010
sanders,western,us-census-2010
sanderson,western,us-census-2010
sandlin,western,us-census-2010
sandoval,western,us-census-2010
sands,western,us-census-2010
sanford,western,us-census-2010
santamaria,western,us-census-2010
santana,western,us-census-2010
santiago,western,us-census-2010
santillan,western,us-census-2010
santoro,western,us-census-2010
santos,western,us-census-2010
sapp,western,us-census-2010
sargent,western,us-census-2010
sarmiento,western,us-census-2010
sarver,western,us-census-2010
sasser,western,us-census-2010
sato,western,us-census-2010
satterfield,western,us-census-2010
sauceda,western,us-census-2010
saucedo,western,us-census-2010
sauer,western,us-census-2010
saul,western,us-census-2010
saunders,western,us-census-2010
savage,western,us-census-2010
savoy,western,us-census-2010
sawyer,western,us-census-2010
saxon,western,us-census-2010
saxton,western,us-census-2010
sayed,arab,curated-arab
sayers,western,us-census-2010
saylor,western,us-census-2010
sayre,western,us-census-2010
sayyid,arab,curated-arab
scales,western,us-census-2010
scanlon,western,us-census-2010
scarborough,western,us-census-2010
scarbrough,western,us-census-2010
schaefer,western,us-census-2010
schaeffer,western,us-census-2010
schafer,western,us-census-2010
schaffer,western,us-census-2010
schell,western,us-census-2010
schenk,western,us-census-2010
scherer,western,us-census-2010
schiller,western,us-census-2010
schilling,western,us-census-2010
schindler,western,us-census-2010
schlegel,western,us-census-2010
schlosser,western,us-census-2010
schmid,western,us-census-2010
schmidt,western,us-census-2010
schmitt,western,us-census-2010
schmitz,western,us-census-2010
schneider,western,us-census-2010
schnell,western,us-census-2010
schoen,western,us-census-2010
schofield,western,us-census-2010
scholl,western,us-census-2010
schoonover,western,us-census-2010
schott,western,us-census-2010
schrader,western,us-census-2010
schramm,western,us-census-2010
schreiber,western,us-census-2010
schreiner,western,us-census-2010
schrock,western,us-census-2010
schroder,european_other,curated-european
schroeder,western,us-census-2010
schubert,western,us-census-2010
schuler,western,us-census-2010
schulte,western,us-census-2010
schultz,western,us-census-2010
schulz,western,us-census-2010
schulze,western,us-census-2010
schumacher,western,us-census-2010
schumann,western,us-census-2010
schuster,western,us-census-2010
schwab,western,us-census-2010
schwartz,western,us-census-2010
schwarz,western,us-census-2010
schweitzer,western,us-census-2010
scoggins,western,us-census-2010
scott,western,us-census-2010
scroggins,western,us-census-2010
scruggs,western,us-census-2010
scully,western,us-census-2010
seal,western,us-census-2010
seals,western,us-census-2010
seaman,western,us-census-2010
searcy,western,us-census-2010
sears,western,us-census-2010
seaton,western,us-census-2010
seay,western,us-census-2010
sebastian,western,us-census-2010
see,western,us-census-2010
seeley,western,us-census-2010
segal,western,us-census-2010
segovia,western,us-census-2010
segura,western,us-census-2010
seibert,western,us-census-2010
seidel,western,us-census-2010
seifert,western,us-census-2010
seiler,western,us-census-2010
seitz,western,us-census-2010
selby,western,us-census-2010
self,western,us-census-2010
sell,western,us-census-2010
sellers,western,us-census-2010
sells,western,us-census-2010
sena,western,us-census-2010
sengupta,south_asian,curated-south-asian
seo,east_asian,curated-east-asian
sepulveda,western,us-census-2010
serna,western,us-census-2010
serrano,western,us-census-2010
serrato,western,us-census-2010
sessions,western,us-census-2010
settle,western,us-census-2010
severson,western,us-census-2010
seward,western,us-census-2010
sewell,western,us-census-2010
sexton,western,us-census-2010
seymour,western,us-census-2010
shackelford,western,us-census-2010
shade,western,us-census-2010
shafer,western,us-census-2010
shaffer,western,us-census-2010
shah,western,us-census-2010
shaikh,south_asian,curated-south-asian
shanahan,western,us-census-2010
shane,western,us-census-2010
shank,western,us-census-2010
shanks,western,us-census-2010
shannon,western,us-census-2010
shapiro,western,us-census-2010
sharkey,western,us-census-2010
sharma,western,us-census-2010
sharp,western,us-census-2010
sharpe,western,us-census-2010
shaver,western,us-census-2010
shaw,western,us-census-2010
shay,western,us-census-2010
shea,western,us-census-2010
shearer,western,us-census-2010
sheehan,western,us-census-2010
sheets,western,us-census-2010
sheffield,western,us-census-2010
sheikh,arab,curated-arab
shelby,western,us-census-2010
sheldon,western,us-census-2010
shell,western,us-census-2010
shelley,western,us-census-2010
shelton,western,us-census-2010
shen,western,us-census-2010
shepard,western,us-census-2010
shephard,western,us-census-2010
shepherd,western,us-census-2010
sheppard,western,us-census-2010
sheridan,western,us-census-2010
sherman,western,us-census-2010
sherrill,western,us-census-2010
sherrod,western,us-census-2010
sherry,western,us-census-2010
sherwood,western,us-census-2010
shields,western,us-census-2010
shifflett,western,us-census-2010
shimizu,east_asian,curated-east-asian
shin,western,us-census-2010
shinn,western,us-census-2010
shipley,western,us-census-2010
shipman,western,us-census-2010
shipp,western,us-census-2010
shirk,western,us-census-2010
shirley,western,us-census-2010
shively,western,us-census-2010
shivers,western,us-census-2010
shockley,western,us-census-2010
shoemaker,western,us-census-2010
shook,western,us-census-2010
shore,western,us-census-2010
shores,western,us-census-2010
short,western,us-census-2010
shorter,western,us-census-2010
showalter,western,us-census-2010
shrader,western,us-census-2010
shuler,western,us-census-2010
shull,western,us-census-2010
shultz,western,us-census-2010
shumaker,western,us-census-2010
shuman,western,us-census-2010
shumate,western,us-census-2010
sibley,western,us-census-2010
sides,western,us-census-2010
siebert,western,us-census-2010
siegel,western,us-census-2010
sierra,western,us-census-2010
sifuentes,western,us-census-2010
sigler,western,us-census-2010
sikes,western,us-census-2010
siler,western,us-census-2010
sills,western,us-census-2010
silva,western,us-census-2010
silver,western,us-census-2010
silverman,western,us-census-2010
silvers,western,us-census-2010
simmons,western,us-census-2010
simms,western,us-census-2010
simon,western,us-census-2010
simone,western,us-census-2010
simons,western,us-census-2010
simonson,western,us-census-2010
simpkins,western,us-census-2010
simpson,western,us-census-2010
sims,western,us-census-2010
sinclair,western,us-census-2010
singer,western,us-census-2010
singh,western,us-census-2010
singletary,western,us-census-2010
singleton,western,us-census-2010
sipes,western,us-census-2010
sisco,western,us-census-2010
sisk,western,us-census-2010
sisson,western,us-census-2010
sizemore,western,us-census-2010
skaggs,western,us-census-2010
skelton,western,us-census-2010
skidmore,western,us-census-2010
skinner,western,us-census-2010
skipper,western,us-census-2010
slack,western,us-census-2010
slade,western,us-census-2010
slagle,western,us-census-2010
slater,western,us-census-2010
slattery,western,us-census-2010
slaughter,western,us-census-2010
slayton,western,us-census-2010
sledge,western,us-census-2010
sloan,western,us-census-2010
slocum,western,us-census-2010
slone,western,us-census-2010
small,western,us-census-2010
smalley,western,us-census-2010
smalls,western,us-census-2010
smallwood,western,us-census-2010
smart,western,us-census-2010
smiley,western,us-census-2010
smith,western,us-census-2010
smithson,western,us-census-2010
smoot,western,us-census-2010
smothers,western,us-census-2010
smyth,western,us-census-2010
snead,western,us-census-2010
sneed,western,us-census-2010
snell,western,us-census-2010
snider,western,us-census-2010
snipes,western,us-census-2010
snodgrass,western,us-census-2010
snook,western,us-census-2010
snow,western,us-census-2010
snowden,western,us-census-2010
snyder,western,us-census-2010
soares,western,us-census-2010
solano,western,us-census-2010
solis,western,us-census-2010
soliz,western,us-census-2010
solomon,western,us-census-2010
solorio,western,us-census-2010
solorzano,western,us-census-2010
somers,western,us-census-2010
sommer,western,us-census-2010
sommers,western,us-census-2010
son,western,us-census-2010
song,western,us-census-2010
soper,western,us-census-2010
sorensen,western,us-census-2010
sorenson,western,us-census-2010
soria,western,us-census-2010
soriano,western,us-census-2010
sorrell,western,us-census-2010
sosa,western,us-census-2010
sotelo,western,us-census-2010
soto,western,us-census-2010
sousa,western,us-census-2010
south,western,us-census-2010
southard,western,us-census-2010
southerland,western,us-census-2010
southern,western,us-census-2010
souza,western,us-census-2010
sowell,western,us-census-2010
sowers,western,us-census-2010
spain,western,us-census-2010
spalding,western,us-census-2010
spangler,western,us-census-2010
spann,western,us-census-2010
sparkman,western,us-census-2010
sparks,western,us-census-2010
sparrow,western,us-census-2010
spaulding,western,us-census-2010
spear,western,us-census-2010
spearman,western,us-census-2010
spears,western,us-census-2010
speed,western,us-census-2010
speer,western,us-census-2010
spellman,western,us-census-2010
spence,western,us-census-2010
spencer,western,us-census-2010
sperry,western,us-census-2010
spicer,western,us-census-2010
spires,western,us-census-2010
spivey,western,us-census-2010
spooner,western,us-census-2010
spradlin,western,us-census-2010
sprague,western,us-census-2010
spriggs,western,us-census-2010
spring,western,us-census-2010
springer,western,us-census-2010
sprouse,western,us-census-2010
spruill,western,us-census-2010
spurgeon,western,us-census-2010
spurlock,western,us-census-2010
squires,western,us-census-2010
srivastava,south_asian,curated-south-asian
stacey,western,us-census-2010
stack,western,us-census-2010
stacy,western,us-census-2010
stafford,western,us-census-2010
staggs,western,us-census-2010
stahl,western,us-census-2010
staley,western,us-census-2010
stallings,western,us-census-2010
stallworth,western,us-census-2010
stamper,western,us-census-2010
stamps,western,us-census-2010
stanfield,western,us-census-2010
stanford,western,us-census-2010
stanley,western,us-census-2010
stanton,western,us-census-2010
staples,western,us-census-2010
stapleton,western,us-census-2010
stark,western,us-census-2010
starkey,western,us-census-2010
starks,western,us-census-2010
starling,western,us-census-2010
starnes,western,us-census-2010
starr,western,us-census-2010
staten,western,us-census-2010
staton,western,us-census-2010
stauffer,western,us-census-2010
stclair,western,us-census-2010
steadman,western,us-census-2010
stearns,western,us-census-2010
steed,western,us-census-2010
steel,western,us-census-2010
steele,western,us-census-2010
steen,western,us-census-2010
steffen,western,us-census-2010
stegall,western,us-census-2010
stein,western,us-census-2010
steinberg,western,us-census-2010
steiner,western,us-census-2010
steinmetz,western,us-census-2010
stephan,western,us-census-2010
stephen,western,us-census-2010
stephens,western,us-census-2010
stephenson,western,us-census-2010
stepp,western,us-census-2010
sterling,western,us-census-2010
stern,western,us-census-2010
stevens,western,us-census-2010
stevenson,western,us-census-2010
steward,western,us-census-2010
stewart,western,us-census-2010
stidham,western,us-census-2010
stiles,western,us-census-2010
still,western,us-census-2010
stillwell,western,us-census-2010
stine,western,us-census-2010
stinnett,western,us-census-2010
stinson,western,us-census-2010
stjohn,western,us-census-2010
stock,western,us-census-2010
stocker,western,us-census-2010
stockton,western,us-census-2010
stockwell,western,us-census-2010
stoddard,western,us-census-2010
stokes,western,us-census-2010
stoll,western,us-census-2010
stoltzfus,western,us-census-2010
stone,western,us-census-2010
stoner,western,us-census-2010
storey,western,us-census-2010
storm,western,us-census-2010
story,western,us-census-2010
stout,western,us-census-2010
stovall,western,us-census-2010
stover,western,us-census-2010
stowe,western,us-census-2010
stpierre,western,us-census-2010
strain,western,us-census-2010
strand,western,us-census-2010
strange,western,us-census-2010
stratton,western,us-census-2010
straub,western,us-census-2010
strauss,western,us-census-2010
street,western,us-census-2010
streeter,western,us-census-2010
strickland,western,us-census-2010
stringer,western,us-census-2010
strom,western,us-census-2010
strong,western,us-census-2010
strother,western,us-census-2010
stroud,western,us-census-2010
stroup,western,us-census-2010
strunk,western,us-census-2010
stuart,western,us-census-2010
stubblefield,western,us-census-2010
stubbs,western,us-census-2010
stuckey,western,us-census-2010
stull,western,us-census-2010
stump,western,us-census-2010
sturdivant,western,us-census-2010
sturgeon,western,us-census-2010
sturgill,western,us-census-2010
sturm,western,us-census-2010
stutzman,western,us-census-2010
su,western,us-census-2010
suarez,western,us-census-2010
suggs,western,us-census-2010
sullivan,western,us-census-2010
summers,western,us-census-2010
sumner,western,us-census-2010
sumpter,western,us-census-2010
sun,western,us-census-2010
sutherland,western,us-census-2010
sutter,western,us-census-2010
sutton,western,us-census-2010
suzuki,east_asian,curated-east-asian
swafford,western,us-census-2010
swain,western,us-census-2010
swan,western,us-census-2010
swank,western,us-census-2010
swann,western,us-census-2010
swanson,western,us-census-2010
swartz,western,us-census-2010
swearingen,western,us-census-2010
sweat,western,us-census-2010
sweeney,western,us-census-2010
sweet,western,us-census-2010
swenson,western,us-census-2010
swift,western,us-census-2010
swisher,western,us-census-2010
switzer,western,us-census-2010
swope,western,us-census-2010
syed,south_asian,curated-south-asian
sykes,western,us-census-2010
sylvester,western,us-census-2010
szabo,western,us-census-2010
szymanski,western,us-census-2010
taber,western,us-census-2010
tabor,western,us-census-2010
tackett,western,us-census-2010
tafoya,western,us-census-2010
taft,western,us-census-2010
taggart,western,us-census-2010
takahashi,east_asian,curated-east-asian
talbert,western,us-census-2010
talbot,western,us-census-2010
talbott,western,us-census-2010
talley,western,us-census-2010
tallman,western,us-census-2010
tam,western,us-census-2010
tamayo,western,us-census-2010
tan,western,us-census-2010
tanaka,western,us-census-2010
tang,western,us-census-2010
tanner,western,us-census-2010
tapia,western,us-census-2010
tarr,western,us-census-2010
tarver,western,us-census-2010
tate,western,us-census-2010
tatum,western,us-census-2010
tavares,western,us-census-2010
tavarez,western,us-census-2010
taveras,western,us-census-2010
taylor,western,us-census-2010
teague,western,us-census-2010
teal,western,us-census-2010
teel,western,us-census-2010
teixeira,western,us-census-2010
tejada,western,us-census-2010
tejeda,western,us-census-2010
tellez,western,us-census-2010
tello,western,us-census-2010
temple,western,us-census-2010
templeton,western,us-census-2010
tennant,western,us-census-2010
tenney,western,us-census-2010
terrazas,western,us-census-2010
terrell,western,us-census-2010
terry,western,us-census-2010
testa,western,us-census-2010
thacker,western,us-census-2010
thai,western,us-census-2010
thames,western,us-census-2010
thao,western,us-census-2010
tharp,western,us-census-2010
thatcher,western,us-census-2010
thayer,western,us-census-2010
thibodeau,western,us-census-2010
thibodeaux,western,us-census-2010
thiel,western,us-census-2010
thigpen,western,us-census-2010
thomas,western,us-census-2010
thomason,western,us-census-2010
thompson,western,us-census-2010
thomsen,western,us-census-2010
thomson,western,us-census-2010
thorn,western,us-census-2010
thornburg,western,us-census-2010
thorne,western,us-census-2010
thornhill,western,us-census-2010
thornton,western,us-census-2010
thorpe,western,us-census-2010
thorson,western,us-census-2010
thrasher,western,us-census-2010
thurman,western,us-census-2010
thurston,western,us-census-2010
tibbs,western,us-census-2010
tice,western,us-census-2010
tidwell,western,us-census-2010
tierney,western,us-census-2010
tijerina,western,us-census-2010
tiller,western,us-census-2010
tillery,western,us-census-2010
tilley,western,us-census-2010
tillman,western,us-census-2010
tilton,western,us-census-2010
timm,western,us-census-2010
timmerman,western,us-census-2010
timmons,western,us-census-2010
tindall,western,us-census-2010
tinsley,western,us-census-2010
tipton,western,us-census-2010
tirado,western,us-census-2010
tisdale,western,us-census-2010
titus,western,us-census-2010
tiwari,south_asian,curated-south-asian
to,western,us-census-2010
tobias,western,us-census-2010
tobin,western,us-census-2010
todd,western,us-census-2010
tolbert,western,us-census-2010
toledo,western,us-census-2010
tolentino,western,us-census-2010
toler,western,us-census-2010
toliver,western,us-census-2010
tolliver,western,us-census-2010
tom,western,us-census-2010
tomlin,western,us-census-2010
tomlinson,western,us-census-2010
tompkins,western,us-census-2010
toney,western,us-census-2010
tong,western,us-census-2010
toomey,western,us-census-2010
toro,western,us-census-2010
torres,western,us-census-2010
torrez,western,us-census-2010
toscano,western,us-census-2010
toth,western,us-census-2010
totten,western,us-census-2010
tovar,western,us-census-2010
towne,western,us-census-2010
towns,western,us-census-2010
townsend,western,us-census-2010
tracey,western,us-census-2010
tracy,western,us-census-2010
trahan,western,us-census-2010
trainor,western,us-census-2010
trammell,western,us-census-2010
tran,western,us-census-2010
trapp,western,us-census-2010
travers,western,us-census-2010
travis,western,us-census-2010
traylor,western,us-census-2010
treadway,western,us-census-2010
trejo,western,us-census-2010
tremblay,western,us-census-2010
trent,western,us-census-2010
trevino,western,us-census-2010
trice,western,us-census-2010
trimble,western,us-census-2010
trinh,western,us-census-2010
trinidad,western,us-census-2010
tripathi,south_asian,curated-south-asian
triplett,western,us-census-2010
tripp,western,us-census-2010
trivedi,south_asian,curated-south-asian
trombley,western,us-census-2010
trotter,western,us-census-2010
trout,western,us-census-2010
troutman,western,us-census-2010
trowbridge,western,us-census-2010
troy,western,us-census-2010
troyer,western,us-census-2010
true,western,us-census-2010
truitt,western,us-census-2010
trujillo,western,us-census-2010
truong,western,us-census-2010
tsai,western,us-census-2010
tu,western,us-census-2010
tubbs,western,us-census-2010
tuck,western,us-census-2010
tucker,western,us-census-2010
tuggle,western,us-census-2010
tully,western,us-census-2010
turk,western,us-census-2010
turley,western,us-census-2010
turnbull,western,us-census-2010
turner,western,us-census-2010
turney,western,us-census-2010
turpin,western,us-census-2010
tuttle,western,us-census-2010
tyler,western,us-census-2010
tyner,western,us-census-2010
tyree,western,us-census-2010
tyson,western,us-census-2010
ulloa,western,us-census-2010
ulmer,western,us-census-2010
ulrich,western,us-census-2010
underhill,western,us-census-2010
underwood,western,us-census-2010
unger,western,us-census-2010
unruh,western,us-census-2010
upchurch,western,us-census-2010
upshaw,western,us-census-2010
upton,western,us-census-2010
urban,western,us-census-2010
urbina,western,us-census-2010
urena,western,us-census-2010
uribe,western,us-census-2010
usher,western,us-census-2010
utley,western,us-census-2010
vaccaro,western,us-census-2010
vail,western,us-census-2010
valadez,western,us-census-2010
valdes,western,us-census-2010
valdez,western,us-census-2010
valdivia,western,us-census-2010
valencia,western,us-census-2010
valente,western,us-census-2010
valenti,western,us-census-2010
valentin,western,us-census-2010
valentine,western,us-census-2010
valenzuela,western,us-census-2010
valerio,western,us-census-2010
valladares,western,us-census-2010
valle,western,us-census-2010
vallejo,western,us-census-2010
valles,western,us-census-2010
valverde,western,us-census-2010
van,western,us-census-2010
vance,western,us-census-2010
vandyke,western,us-census-2010
vang,western,us-census-2010
vanhorn,western,us-census-2010
vanmeter,western,us-census-2010
vann,western,us-census-2010
vanover,western,us-census-2010
vanwinkle,western,us-census-2010
varela,western,us-census-2010
vargas,western,us-census-2010
vargo,western,us-census-2010
varner,western,us-census-2010
varney,western,us-census-2010
vasquez,western,us-census-2010
vaughan,western,us-census-2010
vaughn,western,us-census-2010
vaught,western,us-census-2010
vazquez,western,us-census-2010
veal,western,us-census-2010
vega,western,us-census-2010
vela,western,us-census-2010
velasco,western,us-census-2010
velasquez,western,us-census-2010
velazquez,western,us-census-2010
velez,western,us-census-2010
venable,western,us-census-2010
venegas,western,us-census-2010
ventura,western,us-census-2010
vera,western,us-census-2010
vergara,western,us-census-2010
verma,south_asian,curated-south-asian
vernon,western,us-census-2010
vest,western,us-census-2010
vetter,western,us-census-2010
vick,western,us-census-2010
vickers,western,us-census-2010
vickery,western,us-census-2010
victor,western,us-census-2010
vidal,western,us-census-2010
vieira,western,us-census-2010
viera,western,us-census-2010
vigil,western,us-census-2010
villa,western,us-census-2010
villagomez,western,us-census-2010
villalobos,western,us-census-2010
villanueva,western,us-census-2010
villareal,western,us-census-2010
villarreal,western,us-census-2010
villasenor,western,us-census-2010
villegas,western,us-census-2010
vincent,western,us-census-2010
vines,western,us-census-2010
vinson,western,us-census-2010
vitale,western,us-census-2010
vo,western,us-census-2010
vogel,western,us-census-2010
vogt,western,us-census-2010
voigt,western,us-census-2010
volk,western,us-census-2010
vollmer,western,us-census-2010
volpe,western,us-census-2010
voss,western,us-census-2010
vu,western,us-census-2010
vue,western,us-census-2010
vuong,western,us-census-2010
waddell,western,us-census-2010
wade,western,us-census-2010
wadsworth,western,us-census-2010
waggoner,western,us-census-2010
wagner,western,us-census-2010
wagoner,western,us-census-2010
wahl,western,us-census-2010
wainwright,western,us-census-2010
waite,western,us-census-2010
wakefield,western,us-census-2010
walden,western,us-census-2010
waldron,western,us-census-2010
waldrop,western,us-census-2010
walker,western,us-census-2010
wall,western,us-census-2010
wallace,western,us-census-2010
wallen,western,us-census-2010
waller,western,us-census-2010
wallin,western,us-census-2010
walling,western,us-census-2010
wallis,western,us-census-2010
walls,western,us-census-2010
walsh,western,us-census-2010
walter,western,us-census-2010
walters,western,us-census-2010
walton,western,us-census-2010
waltz,western,us-census-2010
walz,western,us-census-2010
wang,western,us-census-2010
ward,western,us-census-2010
warden,western,us-census-2010
ware,western,us-census-2010
warfield,western,us-census-2010
warner,western,us-census-2010
warren,western,us-census-2010
washburn,western,us-census-2010
washington,western,us-census-2010
wasserman,western,us-census-2010
wasson,western,us-census-2010
watanabe,east_asian,curated-east-asian
waterman,western,us-census-2010
waters,western,us-census-2010
watkins,western,us-census-2010
watson,western,us-census-2010
watt,western,us-census-2010
watters,western,us-census-2010
watts,western,us-census-2010
waugh,western,us-census-2010
way,western,us-census-2010
wayne,western,us-census-2010
weatherford,western,us-census-2010
weatherly,western,us-census-2010
weathers,western,us-census-2010
weaver,western,us-census-2010
webb,western,us-census-2010
webber,western,us-census-2010
weber,western,us-census-2010
webster,western,us-census-2010
weed,western,us-census-2010
weeks,western,us-census-2010
weems,western,us-census-2010
wegner,western,us-census-2010
weidner,western,us-census-2010
weigel,western,us-census-2010
weiler,western,us-census-2010
weimer,western,us-census-2010
weinberg,western,us-census-2010
weiner,western,us-census-2010
weinstein,western,us-census-2010
weir,western,us-census-2010
weis,western,us-census-2010
weiss,western,us-census-2010
welborn,western,us-census-2010
welch,western,us-census-2010
weldon,western,us-census-2010
welker,western,us-census-2010
weller,western,us-census-2010
wellman,western,us-census-2010
wells,western,us-census-2010
welsh,western,us-census-2010
wendt,western,us-census-2010
wenger,western,us-census-2010
wentworth,western,us-census-2010
wentz,western,us-census-2010
wenzel,western,us-census-2010
werner,western,us-census-2010
wertz,western,us-census-2010
wesley,western,us-census-2010
west,western,us-census-2010
westbrook,western,us-census-2010
westfall,western,us-census-2010
westmoreland,western,us-census-2010
weston,western,us-census-2010
westphal,western,us-census-2010
wetzel,western,us-census-2010
whalen,western,us-census-2010
whaley,western,us-census-2010
wharton,western,us-census-2010
whatley,western,us-census-2010
wheat,western,us-census-2010
wheatley,western,us-census-2010
wheaton,western,us-census-2010
wheeler,western,us-census-2010
whelan,western,us-census-2010
whipple,western,us-census-2010
whitaker,western,us-census-2010
whitcomb,western,us-census-2010
white,western,us-census-2010
whited,western,us-census-2010
whitehead,western,us-census-2010
whitehurst,western,us-census-2010
whiteman,western,us-census-2010
whiteside,western,us-census-2010
whitfield,western,us-census-2010
whiting,western,us-census-2010
whitley,western,us-census-2010
whitlock,western,us-census-2010
whitlow,western,us-census-2010
whitman,western,us-census-2010
whitmire,western,us-census-2010
whitmore,western,us-census-2010
whitney,western,us-census-2010
whitson,western,us-census-2010
whitt,western,us-census-2010
whittaker,western,us-census-2010
whitten,western,us-census-2010
whittington,western,us-census-2010
whittle,western,us-census-2010
whitworth,western,us-census-2010
wick,western,us-census-2010
wicker,western,us-census-2010
wickham,western,us-census-2010
wicks,western,us-census-2010
wiese,western,us-census-2010
wiggins,western,us-census-2010
wilbanks,western,us-census-2010
wilbur,western,us-census-2010
wilburn,western,us-census-2010
wilcox,western,us-census-2010
wild,western,us-census-2010
wilde,western,us-census-2010
wilder,western,us-census-2010
wiles,western,us-census-2010
wiley,western,us-census-2010
wilhelm,western,us-census-2010
wilhite,western,us-census-2010
wilke,western,us-census-2010
wilkerson,western,us-census-2010
wilkes,western,us-census-2010
wilkie,western,us-census-2010
wilkins,western,us-census-2010
wilkinson,western,us-census-2010
wilks,western,us-census-2010
will,western,us-census-2010
willard,western,us-census-2010
willett,western,us-census-2010
willey,western,us-census-2010
william,western,us-census-2010
williams,western,us-census-2010
williamson,western,us-census-2010
williford,western,us-census-2010
willingham,western,us-census-2010
willis,western,us-census-2010
willoughby,western,us-census-2010
wills,western,us-census-2010
willson,western,us-census-2010
wilson,western,us-census-2010
wilt,western,us-census-2010
wimberly,western,us-census-2010
winchester,western,us-census-2010
windham,western,us-census-2010
windsor,western,us-census-2010
winfield,western,us-census-2010
winfrey,western,us-census-2010
wing,western,us-census-2010
wingate,western,us-census-2010
winkler,western,us-census-2010
winn,western,us-census-2010
winslow,western,us-census-2010
winstead,western,us-census-2010
winston,western,us-census-2010
winter,western,us-census-2010
winters,western,us-census-2010
wirth,western,us-census-2010
wise,western,us-census-2010
wiseman,western,us-census-2010
wisniewski,western,us-census-2010
withers,western,us-census-2010
witherspoon,western,us-census-2010
withrow,western,us-census-2010
witt,western,us-census-2010
witte,western,us-census-2010
wofford,western,us-census-2010
wojcik,western,us-census-2010
wolf,western,us-census-2010
wolfe,western,us-census-2010
wolff,western,us-census-2010
wolford,western,us-census-2010
womack,western,us-census-2010
wong,western,us-census-2010
woo,western,us-census-2010
wood,western,us-census-2010
woodall,western,us-census-2010
woodard,western,us-census-2010
woodbury,western,us-census-2010
woodcock,western,us-census-2010
wooden,western,us-census-2010
woodley,western,us-census-2010
woodruff,western,us-census-2010
woods,western,us-census-2010
woodson,western,us-census-2010
woodward,western,us-census-2010
woodworth,western,us-census-2010
woody,western,us-census-2010
wooldridge,western,us-census-2010
woolley,western,us-census-2010
woolsey,western,us-census-2010
wooten,western,us-census-2010
worden,western,us-census-2010
workman,western,us-census-2010
worley,western,us-census-2010
worrell,western,us-census-2010
worth,western,us-census-2010
worthington,western,us-census-2010
worthy,western,us-census-2010
wozniak,western,us-census-2010
wray,western,us-census-2010
wren,western,us-census-2010
wright,western,us-census-2010
wu,western,us-census-2010
wyatt,western,us-census-2010
wylie,western,us-census-2010
wyman,western,us-census-2010
wynn,western,us-census-2010
wynne,western,us-census-2010
xie,east_asian,curated-east-asian
xiong,western,us-census-2010
xu,western,us-census-2010
yadav,south_asian,curated-south-asian
yager,western,us-census-2010
yamada,east_asian,curated-east-asian
yamaguchi,east_asian,curated-east-asian
yamamoto,western,us-census-2010
yamazaki,east_asian,curated-east-asian
yan,western,us-census-2010
yancey,western,us-census-2010
yanez,western,us-census-2010
yang,western,us-census-2010
yarborough,western,us-census-2010
yarbrough,western,us-census-2010
yates,western,us-census-2010
yazzie,western,us-census-2010
ybarra,western,us-census-2010
yeager,western,us-census-2010
yee,western,us-census-2010
yeung,western,us-census-2010
yi,western,us-census-2010
yildiz,arab,curated-arab
yilmaz,arab,curated-arab
yoder,western,us-census-2010
yoo,western,us-census-2010
yoon,western,us-census-2010
york,western,us-census-2010
yoshida,east_asian,curated-east-asian
yost,western,us-census-2010
young,western,us-census-2010
youngblood,western,us-census-2010
younger,western,us-census-2010
yount,western,us-census-2010
yu,western,us-census-2010
yuen,western,us-census-2010
yun,western,us-census-2010
zambrano,western,us-census-2010
zamora,western,us-census-2010
zamudio,western,us-census-2010
zapata,western,us-census-2010
zaragoza,western,us-census-2010
zarate,western,us-census-2010
zavala,western,us-census-2010
zeigler,western,us-census-2010
zelaya,western,us-census-2010
zeller,western,us-census-2010
zepeda,western,us-census-2010
zhang,western,us-census-2010
zhao,western,us-census-2010
zheng,western,us-census-2010
zhou,western,us-census-2010
zhu,western,us-census-2010
ziegler,western,us-census-2010
zielinski,western,us-census-2010
zimmer,western,us-census-2010
zimmerman,western,us-census-2010
zimmermann,western,us-census-2010
zink,western,us-census-2010
zook,western,us-census-2010
zuniga,western,us-census-2010
